Ecosystem,Namespace,Name,Version,Artifact,Published,Detected
npm,,keyv,6.0.0,,2026-08-04T09:35:00.763Z,2026-08-04T09:41:25.543Z
npm,@thiennq,docs-viewer,1.6.2,,2026-08-04T09:38:13.626Z,2026-08-04T09:44:25.577Z
npm,,cacheable-request,13.0.20,,2026-08-04T10:11:24.412Z,2026-08-04T10:12:36.517Z
npm,,cacheable,2.5.1,,2026-08-04T10:10:44.549Z,2026-08-04T10:13:44.185Z
npm,@cacheable,node-cache,3.1.2,,2026-08-04T10:10:34.275Z,2026-08-04T10:15:25.237Z
npm,@cacheable,net,2.1.1,,2026-08-04T10:09:44.773Z,2026-08-04T10:15:33.883Z
npm,,flat-cache,6.1.24,,2026-08-04T10:10:55.001Z,2026-08-04T10:16:08.162Z
npm,@cacheable,memory,2.2.1,,2026-08-04T10:11:29.866Z,2026-08-04T10:16:09.365Z
npm,,cache-manager,7.2.10,,2026-08-04T10:14:41.662Z,2026-08-04T10:17:32.447Z
npm,,file-entry-cache,11.1.6,,2026-08-04T10:13:02.348Z,2026-08-04T10:18:16.785Z
npm,@hubsync,web-sdk-react,6.3.11,,2026-08-04T10:17:05.592Z,2026-08-04T10:25:00.712Z
npm,@hubsync,web-sdk-react,6.3.7,,2026-08-04T10:12:34.393Z,2026-08-04T10:24:57.516Z
npm,@hubsync,web-sdk-react,6.3.10,,2026-08-04T10:16:41.217Z,2026-08-04T10:24:57.820Z
npm,@hubsync,web-sdk-react,6.3.8,,2026-08-04T10:14:14.381Z,2026-08-04T10:25:06.821Z
npm,@hubsync,web-sdk-react,6.3.9,,2026-08-04T10:14:34.634Z,2026-08-04T10:24:52.823Z
npm,@hubsync,web-sdk-react,6.3.12,,2026-08-04T10:18:22.678Z,2026-08-04T10:24:58.435Z
npm,@cacheable,utils,2.5.1,,2026-08-04T10:14:21.305Z,2026-08-04T10:19:17.635Z
npm,@hubsync,web-sdk-react,6.3.15,,2026-08-04T10:20:51.185Z,2026-08-04T10:25:02.674Z
npm,@hubsync,web-sdk-react,6.3.13,,2026-08-04T10:18:39.989Z,2026-08-04T10:25:17.248Z
npm,@hubsync,web-sdk-react,6.3.16,,2026-08-04T10:21:06.670Z,2026-08-04T10:24:58.243Z
npm,@hubsync,web-sdk-react,6.3.14,,2026-08-04T10:20:16.662Z,2026-08-04T10:24:55.034Z
npm,@hubsync,web-sdk-react,6.3.18,,2026-08-04T10:22:08.375Z,2026-08-04T10:25:09.353Z
npm,@hubsync,web-sdk-react,6.3.17,,2026-08-04T10:21:49.985Z,2026-08-04T10:24:58.881Z
npm,@ornikar,commitlint-config,8.3.3,,2026-08-04T10:19:41.490Z,2026-08-04T10:24:22.020Z
npm,@ornikar,eslint-config-typescript-nestjs,24.0.2,,2026-08-04T10:19:41.708Z,2026-08-04T10:24:10.945Z
npm,@ornikar,eslint-config,24.0.2,,2026-08-04T10:19:26.328Z,2026-08-04T10:24:10.732Z
npm,@ornikar,eslint-config-babel,24.0.2,,2026-08-04T10:19:26.341Z,2026-08-04T10:24:12.664Z
npm,@ornikar,eslint-config,24.0.3,,2026-08-04T10:19:41.713Z,2026-08-04T10:24:13.941Z
npm,@ornikar,eslint-config-babel,24.0.1,,2026-08-04T10:19:10.476Z,2026-08-04T10:24:12.780Z
npm,@ornikar,eslint-config-babel,24.0.3,,2026-08-04T10:19:41.618Z,2026-08-04T10:24:12.080Z
npm,@ornikar,eslint-config,24.0.1,,2026-08-04T10:19:10.761Z,2026-08-04T10:24:13.031Z
npm,@ornikar,eslint-config-typescript,24.0.2,,2026-08-04T10:19:41.586Z,2026-08-04T10:24:19.331Z
npm,@ornikar,eslint-config-react,24.0.2,,2026-08-04T10:19:41.536Z,2026-08-04T10:24:24.123Z
npm,@ornikar,eslint-config-typescript,24.0.1,,2026-08-04T10:19:10.671Z,2026-08-04T10:24:13.308Z
npm,@ornikar,eslint-config-react,24.0.1,,2026-08-04T10:19:10.651Z,2026-08-04T10:24:22.002Z
npm,@ornikar,storybook-config,12.1.3,,2026-08-04T10:19:41.776Z,2026-08-04T10:24:38.228Z
npm,@ornikar,storybook-config,12.1.2,,2026-08-04T10:19:10.889Z,2026-08-04T10:24:32.266Z
npm,@ornikar,webpack-config,12.0.3,,2026-08-04T10:19:41.713Z,2026-08-04T10:24:11.299Z
npm,,frontend-orb,4.4.1,,2026-08-04T10:19:10.770Z,2026-08-04T10:24:16.385Z
npm,@ornikar,intl-config,10.0.3,,2026-08-04T10:19:41.467Z,2026-08-04T10:24:12.561Z
npm,,frontend-orb,4.4.3,,2026-08-04T10:19:41.480Z,2026-08-04T10:24:15.308Z
npm,@ornikar,browserslist-config,8.0.4,,2026-08-04T10:19:41.584Z,2026-08-04T10:24:29.009Z
npm,@ornikar,commitlint-config,8.3.2,,2026-08-04T10:19:10.699Z,2026-08-04T10:24:12.823Z
npm,@ornikar,lerna-config,11.0.2,,2026-08-04T10:19:41.853Z,2026-08-04T10:24:12.521Z
npm,@ornikar,postcss-config,9.1.3,,2026-08-04T10:19:41.600Z,2026-08-04T10:24:14.522Z
npm,@ornikar,eslint-config-typescript-nestjs,24.0.1,,2026-08-04T10:19:10.498Z,2026-08-04T10:24:18.597Z
npm,@ornikar,lerna-config,11.0.1,,2026-08-04T10:19:10.487Z,2026-08-04T10:24:14.298Z
npm,@ornikar,eslint-config-formatjs,24.0.2,,2026-08-04T10:19:41.837Z,2026-08-04T10:24:14.602Z
npm,,frontend-orb,4.4.2,,2026-08-04T10:19:26.347Z,2026-08-04T10:24:14.098Z
npm,@ornikar,webpack-config,12.0.2,,2026-08-04T10:19:10.557Z,2026-08-04T10:24:11.548Z
npm,@ornikar,babel-preset-kitt-universal,8.0.3,,2026-08-04T10:19:10.561Z,2026-08-04T10:24:14.894Z
npm,@ornikar,browserslist-config,8.0.3,,2026-08-04T10:19:10.780Z,2026-08-04T10:24:13.561Z
npm,@ornikar,babel-preset-kitt-universal,8.0.4,,2026-08-04T10:19:41.485Z,2026-08-04T10:24:15.509Z
npm,@ornikar,eslint-config-formatjs,24.0.1,,2026-08-04T10:19:10.587Z,2026-08-04T10:24:14.014Z
npm,@ornikar,postcss-config,9.1.2,,2026-08-04T10:19:10.635Z,2026-08-04T10:24:14.887Z
npm,@ornikar,intl-config,10.0.2,,2026-08-04T10:19:10.684Z,2026-08-04T10:24:14.667Z
npm,@ornikar,typed-css-modules-loader,0.8.2,,2026-08-04T10:19:10.643Z,2026-08-04T10:24:19.184Z
npm,@ornikar,typed-css-modules-loader,0.8.3,,2026-08-04T10:19:41.536Z,2026-08-04T10:24:23.927Z
npm,,pob-test-typescript-package-in-monorepo,4.2.3,,2026-08-04T10:19:41.733Z,2026-08-04T10:24:46.797Z
npm,@hubsync,web-sdk-react,6.3.20,,2026-08-04T10:23:26.815Z,2026-08-04T10:25:01.699Z
npm,@hubsync,web-sdk-react,6.3.19,,2026-08-04T10:22:30.944Z,2026-08-04T10:25:02.195Z
npm,@ornikar,graphql-config,1.1.3,,2026-08-04T10:19:41.528Z,2026-08-04T10:24:35.284Z
npm,@ornikar,react-native-svg-transformer,1.0.7,,2026-08-04T10:19:41.409Z,2026-08-04T10:24:15.331Z
npm,@ornikar,react-modern-calendar-datepicker,3.2.2,,2026-08-04T10:19:41.374Z,2026-08-04T10:24:15.009Z
npm,@ornikar,react-modern-calendar-datepicker,3.2.1,,2026-08-04T10:19:10.586Z,2026-08-04T10:24:15.686Z
npm,@ornikar,apollo-link-timeout,1.4.3,,2026-08-04T10:19:41.589Z,2026-08-04T10:24:27.034Z
npm,@ornikar,slate-react-fork,1.0.2,,2026-08-04T10:19:41.995Z,2026-08-04T10:24:36.428Z
npm,@ornikar,apollo-link-timeout,1.4.2,,2026-08-04T10:19:10.686Z,2026-08-04T10:24:22.660Z
npm,@ornikar,graphql-config,1.1.1,,2026-08-04T10:19:10.390Z,2026-08-04T10:24:24.885Z
npm,@ornikar,graphql-config,1.1.2,,2026-08-04T10:19:26.242Z,2026-08-04T10:24:22.698Z
npm,@ornikar,react-native-svg-transformer,1.0.6,,2026-08-04T10:19:10.654Z,2026-08-04T10:24:14.250Z
npm,@ornikar,eslint-config-node,12.2.2,,2026-08-04T10:19:41.607Z,2026-08-04T10:24:23.615Z
npm,@ornikar,slate-react-fork,1.0.1,,2026-08-04T10:19:11.320Z,2026-08-04T10:24:28.237Z
npm,@ornikar,eslint-config-node,12.2.1,,2026-08-04T10:19:10.730Z,2026-08-04T10:24:23.998Z
npm,,pob-test-typescript-package-in-monorepo,4.2.1,,2026-08-04T10:19:10.614Z,2026-08-04T10:24:27.076Z
npm,,babel-plugin-linaria-css-to-undefined,0.3.2,,2026-08-04T10:19:41.471Z,2026-08-04T10:24:21.121Z
npm,@ornikar,kitt2,1.0.2,,2026-08-04T10:19:41.666Z,2026-08-04T10:24:23.107Z
npm,,babel-plugin-linaria-css-to-undefined,0.3.1,,2026-08-04T10:19:10.376Z,2026-08-04T10:24:15.628Z
npm,@ornikar,kitt2,1.0.1,,2026-08-04T10:19:10.858Z,2026-08-04T10:24:20.430Z
npm,,pob-test-typescript-package-in-monorepo,4.2.2,,2026-08-04T10:19:26.333Z,2026-08-04T10:24:15.117Z
npm,@ornikar,eslint-config-typescript-react,24.0.1,,2026-08-04T10:19:10.458Z,2026-08-04T10:25:19.374Z
npm,@ornikar,rollup-plugin-postcss,2.0.7,,2026-08-04T10:19:41.500Z,2026-08-04T10:25:32.093Z
npm,@ornikar,jest-config-react,18.0.4,,2026-08-04T10:19:41.559Z,2026-08-04T10:25:27.038Z
npm,@ornikar,jest-config-react-native,17.0.4,,2026-08-04T10:19:41.852Z,2026-08-04T10:25:38.785Z
npm,@ornikar,jest-config-react,18.0.3,,2026-08-04T10:19:26.544Z,2026-08-04T10:25:32.339Z
npm,@ornikar,jest-config-react-native,17.0.3,,2026-08-04T10:19:26.596Z,2026-08-04T10:25:31.681Z
npm,@ornikar,repo-config-react,13.0.8,,2026-08-04T10:19:10.452Z,2026-08-04T10:25:22.336Z
npm,@ornikar,repo-config-react,13.0.10,,2026-08-04T10:19:41.469Z,2026-08-04T10:25:17.976Z
npm,@ornikar,repo-config-react-legacy-css,15.1.4,,2026-08-04T10:19:41.585Z,2026-08-04T10:25:18.524Z
npm,@ornikar,renovate-config,9.0.4,,2026-08-04T10:19:41.326Z,2026-08-04T10:25:15.372Z
npm,@ornikar,repo-config-react,13.0.9,,2026-08-04T10:19:26.624Z,2026-08-04T10:25:27.003Z
npm,@ornikar,jest-config-react-native,17.0.2,,2026-08-04T10:19:10.536Z,2026-08-04T10:25:36.869Z
npm,@ornikar,rollup-plugin-postcss,2.0.6,,2026-08-04T10:19:26.484Z,2026-08-04T10:25:39.211Z
npm,@ornikar,jest-config-react,18.0.2,,2026-08-04T10:19:10.532Z,2026-08-04T10:25:26.486Z
npm,@ornikar,repo-config-react-legacy-css,15.1.3,,2026-08-04T10:19:26.970Z,2026-08-04T10:25:32.735Z
npm,@ornikar,rollup-plugin-postcss,2.0.5,,2026-08-04T10:19:10.572Z,2026-08-04T10:25:31.827Z
npm,@ornikar,monorepo-config,14.3.3,,2026-08-04T10:19:26.516Z,2026-08-04T10:25:16.950Z
npm,@ornikar,renovate-config,9.0.3,,2026-08-04T10:19:26.554Z,2026-08-04T10:25:16.045Z
npm,@ornikar,repo-config-react-legacy-css,15.1.2,,2026-08-04T10:19:10.361Z,2026-08-04T10:25:20.130Z
npm,@ornikar,renovate-config,9.0.2,,2026-08-04T10:19:10.358Z,2026-08-04T10:25:15.780Z
npm,@ornikar,babel-preset-base,6.0.4,,2026-08-04T10:19:26.611Z,2026-08-04T10:25:34.010Z
npm,@ornikar,eslint-plugin-ornikar,24.0.1,,2026-08-04T10:19:10.667Z,2026-08-04T10:25:19.973Z
npm,@ornikar,babel-preset-base,6.0.5,,2026-08-04T10:19:41.601Z,2026-08-04T10:26:04.018Z
npm,@ornikar,repo-config,15.3.5,,2026-08-04T10:19:41.823Z,2026-08-04T10:25:18.169Z
npm,@ornikar,eslint-config-typescript-react,24.0.3,,2026-08-04T10:19:41.493Z,2026-08-04T10:25:18.873Z
npm,@ornikar,jest-config,13.0.4,,2026-08-04T10:19:26.414Z,2026-08-04T10:25:27.918Z
npm,@ornikar,jest-config,13.0.5,,2026-08-04T10:19:41.728Z,2026-08-04T10:25:28.225Z
npm,@ornikar,eslint-config-typescript-react,24.0.2,,2026-08-04T10:19:26.678Z,2026-08-04T10:25:20.070Z
npm,@ornikar,prettier-config,9.0.4,,2026-08-04T10:19:26.524Z,2026-08-04T10:25:24.150Z
npm,@ornikar,prettier-config,9.0.3,,2026-08-04T10:19:10.393Z,2026-08-04T10:25:31.907Z
npm,@ornikar,jest-config,13.0.3,,2026-08-04T10:19:10.490Z,2026-08-04T10:25:28.679Z
npm,@ornikar,jest-config-react-native-web,12.0.5,,2026-08-04T10:19:41.651Z,2026-08-04T10:25:15.893Z
npm,@ornikar,babel-preset-base,6.0.3,,2026-08-04T10:19:10.436Z,2026-08-04T10:25:32.448Z
npm,@ornikar,rollup-config,11.1.4,,2026-08-04T10:19:41.620Z,2026-08-04T10:25:36.925Z
npm,@ornikar,repo-config,15.3.3,,2026-08-04T10:19:10.614Z,2026-08-04T10:25:18.899Z
npm,@ornikar,rollup-config,11.1.3,,2026-08-04T10:19:26.551Z,2026-08-04T10:25:30.845Z
npm,@ornikar,jest-config-react-native-web,12.0.3,,2026-08-04T10:19:10.425Z,2026-08-04T10:25:16.502Z
npm,@ornikar,rollup-config,11.1.2,,2026-08-04T10:19:10.527Z,2026-08-04T10:25:38.057Z
npm,@ornikar,repo-config,15.3.4,,2026-08-04T10:19:26.705Z,2026-08-04T10:25:19.648Z
npm,@ornikar,prettier-config,9.0.5,,2026-08-04T10:19:41.488Z,2026-08-04T10:25:25.482Z
npm,@ornikar,jest-config-react-native-web,12.0.4,,2026-08-04T10:19:26.333Z,2026-08-04T10:25:25.535Z
npm,@ornikar,eslint-plugin-ornikar,24.0.3,,2026-08-04T10:19:41.520Z,2026-08-04T10:25:18.443Z
npm,@ornikar,stylelint-config,14.0.3,,2026-08-04T10:19:10.466Z,2026-08-04T10:25:26.361Z
npm,@ornikar,eslint-plugin-ornikar,24.0.2,,2026-08-04T10:19:26.426Z,2026-08-04T10:25:25.561Z
npm,@hubsync,web-sdk-react,6.3.21,,2026-08-04T10:24:08.036Z,2026-08-04T10:25:28.672Z
npm,@ornikar,stylelint-config,14.0.4,,2026-08-04T10:19:26.452Z,2026-08-04T10:25:20.653Z
npm,@ornikar,eslint-config-babel-use,13.2.3,,2026-08-04T10:19:41.922Z,2026-08-04T10:25:32.930Z
npm,@ornikar,eslint-plugin-neverthrow,1.3.1,,2026-08-04T10:19:10.495Z,2026-08-04T10:25:20.795Z
npm,@ornikar,eslint-plugin-neverthrow,1.3.3,,2026-08-04T10:19:41.609Z,2026-08-04T10:25:20.654Z
npm,@ornikar,babel-preset-react,6.1.6,,2026-08-04T10:19:41.468Z,2026-08-04T10:25:25.911Z
npm,@ornikar,monorepo-config,14.3.4,,2026-08-04T10:19:41.420Z,2026-08-04T10:25:18.436Z
npm,@ornikar,prismic-components,0.0.3,,2026-08-04T10:19:26.412Z,2026-08-04T10:25:23.091Z
npm,@ornikar,monorepo-config,14.3.2,,2026-08-04T10:19:10.410Z,2026-08-04T10:25:19.113Z
npm,@ornikar,prismic-components,0.0.4,,2026-08-04T10:19:41.489Z,2026-08-04T10:25:24.124Z
npm,,pob-test-package-in-monorepo,5.2.2,,2026-08-04T10:19:26.377Z,2026-08-04T10:25:20.003Z
npm,@ornikar,babel-preset-react,6.1.4,,2026-08-04T10:19:10.443Z,2026-08-04T10:25:19.049Z
npm,@ornikar,eslint-config-babel-use,13.2.2,,2026-08-04T10:19:26.385Z,2026-08-04T10:25:33.597Z
npm,@ornikar,eslint-plugin-neverthrow,1.3.2,,2026-08-04T10:19:26.483Z,2026-08-04T10:25:21.427Z
npm,@ornikar,babel-preset-react,6.1.5,,2026-08-04T10:19:26.573Z,2026-08-04T10:25:20.262Z
npm,,native-frontend-orb,1.1.5,,2026-08-04T10:19:26.570Z,2026-08-04T10:25:21.679Z
npm,@ornikar,prismic-components,0.0.2,,2026-08-04T10:19:10.313Z,2026-08-04T10:25:24.752Z
npm,,native-frontend-orb,1.1.4,,2026-08-04T10:19:10.529Z,2026-08-04T10:25:25.363Z
npm,@ornikar,eslint-config-babel-use,13.2.1,,2026-08-04T10:19:10.598Z,2026-08-04T10:25:33.792Z
npm,,native-frontend-orb,1.1.6,,2026-08-04T10:19:41.852Z,2026-08-04T10:25:22.449Z
npm,,pob-test-package-in-monorepo,5.2.1,,2026-08-04T10:19:10.452Z,2026-08-04T10:25:24.924Z
npm,,pob-test-package-in-monorepo,5.2.3,,2026-08-04T10:19:41.497Z,2026-08-04T10:25:25.270Z
npm,@hubsync,web-sdk-react,6.3.22,,2026-08-04T10:25:36.130Z,2026-08-04T10:27:26.499Z
npm,@hubsync,web-sdk-react,6.3.23,,2026-08-04T10:26:30.103Z,2026-08-04T10:27:27.732Z
npm,@hubsync,web-sdk-react,6.3.24,,2026-08-04T10:28:02.717Z,2026-08-04T10:29:02.338Z
npm,,ecto,5.0.1,,2026-08-04T10:28:01.451Z,2026-08-04T10:33:19.087Z
npm,@hubsync,web-sdk-react,6.3.27,,2026-08-04T10:32:23.707Z,2026-08-04T10:33:52.147Z
npm,@hubsync,web-sdk-react,6.3.26,,2026-08-04T10:31:36.789Z,2026-08-04T10:33:22.657Z
npm,@hubsync,web-sdk-react,6.3.25,,2026-08-04T10:30:45.180Z,2026-08-04T10:33:25.200Z
npm,@hubsync,web-sdk-react,6.3.29,,2026-08-04T10:35:18.270Z,2026-08-04T10:36:34.392Z
npm,@hubsync,web-sdk-react,6.3.28,,2026-08-04T10:32:48.238Z,2026-08-04T10:36:36.023Z
npm,@arv-bedrock,auth-sso-backend,1.7.1,,2026-08-04T10:32:09.655Z,2026-08-04T10:38:07.025Z
npm,@arv-bedrock,auth-sso-backend,1.7.2,,2026-08-04T10:36:23.029Z,2026-08-04T10:38:09.036Z
npm,@arv-bedrock,auth-sso,1.6.1,,2026-08-04T10:32:09.633Z,2026-08-04T10:38:08.907Z
npm,@arv-bedrock,auth-sso,1.6.2,,2026-08-04T10:36:22.740Z,2026-08-04T10:38:03.424Z
npm,@hubsync,web-sdk-react,6.3.30,,2026-08-04T10:36:05.169Z,2026-08-04T10:37:34.054Z
npm,@arv-bedrock,logger,1.7.1,,2026-08-04T10:32:09.622Z,2026-08-04T10:38:11.416Z
npm,@arv-bedrock,auth-admin,1.0.3,,2026-08-04T10:36:22.747Z,2026-08-04T10:38:15.282Z
npm,@arv-bedrock,auth,1.1.7,,2026-08-04T10:32:09.821Z,2026-08-04T10:38:22.795Z
npm,@arv-bedrock,auth-admin,1.0.2,,2026-08-04T10:32:09.498Z,2026-08-04T10:38:20.917Z
npm,@arv-bedrock,auth,1.1.8,,2026-08-04T10:36:22.726Z,2026-08-04T10:38:19.645Z
npm,@arv-bedrock,logger,1.7.2,,2026-08-04T10:36:22.742Z,2026-08-04T10:38:11.908Z
npm,@hubsync,web-sdk-react,6.3.31,,2026-08-04T10:36:36.538Z,2026-08-04T10:38:28.827Z
npm,@deliveroo,determinator,0.2.1,,2026-08-04T10:33:58.630Z,2026-08-04T10:39:23.631Z
npm,@deliveroo,reevent,1.0.1,,2026-08-04T10:33:58.198Z,2026-08-04T10:39:01.993Z
npm,@hubsync,web-sdk-react,6.3.32,,2026-08-04T10:37:47.871Z,2026-08-04T10:40:11.534Z
npm,@hubsync,web-sdk-react,6.3.33,,2026-08-04T10:39:53.351Z,2026-08-04T10:41:24.712Z
npm,@picsart,gen-ai,2.55.11,,2026-08-04T10:37:46.682Z,2026-08-04T10:43:13.595Z
npm,@picsart,ai-sdk,3.32.2,,2026-08-04T10:37:46.603Z,2026-08-04T10:43:13.789Z
npm,@onereach,si-checkbox,0.6.5,,2026-08-04T10:39:07.922Z,2026-08-04T10:45:13.636Z
npm,@onereach,slack-helpers,1.0.3,,2026-08-04T10:39:07.857Z,2026-08-04T10:44:51.121Z
npm,@onereach,or-file-uploader-next,0.0.8,,2026-08-04T10:39:07.698Z,2026-08-04T10:44:14.801Z
npm,@or-sdk,flow-templates,2.1.5,,2026-08-04T10:39:07.618Z,2026-08-04T10:44:33.160Z
npm,@or-sdk,providers,0.3.6,,2026-08-04T10:39:07.820Z,2026-08-04T10:44:22.422Z
npm,@or-sdk,apps,1.2.6,,2026-08-04T10:39:07.927Z,2026-08-04T10:44:21.809Z
npm,,conv-context-next,1.0.1,,2026-08-04T10:39:07.160Z,2026-08-04T10:44:19.547Z
npm,@or-sdk,card-templates,2.2.5,,2026-08-04T10:39:07.325Z,2026-08-04T10:44:24.180Z
npm,@or-sdk,notifications,1.7.5,,2026-08-04T10:39:08.053Z,2026-08-04T10:44:29.305Z
npm,@or-sdk,qna,3.4.2,,2026-08-04T10:39:07.911Z,2026-08-04T10:44:28.753Z
npm,@onereach,postcss-scoped-selector,1.2.1,,2026-08-04T10:39:07.674Z,2026-08-04T10:44:23.126Z
npm,@or-sdk,markdowner,0.5.1,,2026-08-04T10:39:07.326Z,2026-08-04T10:44:31.595Z
npm,@onereach,pnpm-audit-junit,1.0.3,,2026-08-04T10:39:07.504Z,2026-08-04T10:44:16.730Z
npm,@onereach,orest-vue3,0.0.4,,2026-08-04T10:39:07.266Z,2026-08-04T10:44:23.231Z
npm,@or-sdk,library-types-v2,9.0.1,,2026-08-04T10:39:07.579Z,2026-08-04T10:44:37.004Z
npm,@or-sdk,library-source,0.4.5,,2026-08-04T10:39:07.986Z,2026-08-04T10:44:35.967Z
npm,@onereach,orest-input-cli,1.18.1,,2026-08-04T10:39:07.461Z,2026-08-04T10:45:15.801Z
npm,@onereach,si-datepicker,0.4.5,,2026-08-04T10:39:07.576Z,2026-08-04T10:45:30.406Z
npm,@or-sdk,mcp-tools,0.5.2,,2026-08-04T10:39:07.100Z,2026-08-04T10:44:45.331Z
npm,@onereach,time-interpreter,1.0.30,,2026-08-04T10:39:07.971Z,2026-08-04T10:44:25.804Z
npm,@onereach,step-run-snowflake-query,0.1.1,,2026-08-04T10:39:07.102Z,2026-08-04T10:44:17.289Z
npm,@onereach,get-version-data,3.1.2,,2026-08-04T10:39:07.264Z,2026-08-04T10:44:43.179Z
npm,@or-sdk,permissions-cli,1.4.1,,2026-08-04T10:39:06.998Z,2026-08-04T10:44:16.126Z
npm,@onereach,si-checkbox-group,0.3.5,,2026-08-04T10:39:07.595Z,2026-08-04T10:45:36.982Z
npm,,example-js-project,1.0.2,,2026-08-04T10:39:07.149Z,2026-08-04T10:44:20.033Z
npm,@onereach,authorizer-helper,0.0.11,,2026-08-04T10:39:07.268Z,2026-08-04T10:45:21.137Z
npm,@or-sdk,source-api,1.1.1,,2026-08-04T10:39:07.979Z,2026-08-04T10:44:26.872Z
npm,@or-sdk,files-sync-node,0.1.8,,2026-08-04T10:39:07.473Z,2026-08-04T10:44:16.321Z
npm,@onereach,ckeditor5-build-classic,30.0.1,,2026-08-04T10:39:07.997Z,2026-08-04T10:44:47.401Z
npm,@onereach,content-builder-template-compiler,0.0.3,,2026-08-04T10:39:07.440Z,2026-08-04T10:45:16.255Z
npm,@onereach,phonenumber-interpreter,0.0.18,,2026-08-04T10:39:07.535Z,2026-08-04T10:44:27.055Z
npm,@onereach,orest-vue-demi-vue3,0.0.4,,2026-08-04T10:39:07.010Z,2026-08-04T10:44:31.390Z
npm,@onereach,orest-jest-presets,0.0.3,,2026-08-04T10:39:07.315Z,2026-08-04T10:44:24.591Z
npm,@onereach,lambda-invocation,1.2.1,,2026-08-04T10:39:07.623Z,2026-08-04T10:44:36.087Z
npm,@onereach,idw-ui-components,0.1.2,,2026-08-04T10:39:07.382Z,2026-08-04T10:44:15.601Z
npm,@onereach,si-select,0.1.3,,2026-08-04T10:39:08.177Z,2026-08-04T10:45:17.043Z
npm,@onereach,si-code,0.6.4,,2026-08-04T10:39:08.049Z,2026-08-04T10:45:04.242Z
npm,@onereach,or-content-builder-renderer,0.0.2,,2026-08-04T10:39:07.311Z,2026-08-04T10:44:38.159Z
npm,@or-sdk,api-tokens,1.4.2,,2026-08-04T10:39:08.001Z,2026-08-04T10:44:36.673Z
npm,@onereach,orest-vue-demi-vue2,0.0.4,,2026-08-04T10:39:08.039Z,2026-08-04T10:44:23.814Z
npm,@or-sdk,web-search,0.6.1,,2026-08-04T10:39:07.324Z,2026-08-04T10:44:20.429Z
npm,@onereach,ts-memoize,1.0.2,,2026-08-04T10:39:07.168Z,2026-08-04T10:44:16.759Z
npm,@onereach,billing-dto,27.2.1,,2026-08-04T10:39:07.529Z,2026-08-04T10:44:47.561Z
npm,@onereach,step-voice,7.0.32,,2026-08-04T10:39:07.608Z,2026-08-04T10:44:59.499Z
npm,@or-sdk,deployer,1.7.5,,2026-08-04T10:39:07.998Z,2026-08-04T10:45:15.178Z
npm,@or-sdk,identifiers,0.27.6,,2026-08-04T10:39:07.905Z,2026-08-04T10:45:05.342Z
npm,@onereach,types-contacts-api,9.0.8,,2026-08-04T10:39:07.320Z,2026-08-04T10:44:55.797Z
npm,@or-sdk,base,0.44.4,,2026-08-04T10:39:07.434Z,2026-08-04T10:45:32.179Z
npm,@onereach,idw-init-account-resources,1.0.1,,2026-08-04T10:39:07.488Z,2026-08-04T10:44:59.923Z
npm,@or-sdk,transcripts,1.2.5,,2026-08-04T10:39:07.732Z,2026-08-04T10:44:53.956Z
npm,@or-sdk,account-settings,1.3.6,,2026-08-04T10:39:08.124Z,2026-08-04T10:44:55.447Z
npm,@or-sdk,agents,4.21.3,,2026-08-04T10:39:07.216Z,2026-08-04T10:44:47.874Z
npm,@or-sdk,lookup,1.25.1,,2026-08-04T10:39:08.039Z,2026-08-04T10:45:19.803Z
npm,@or-sdk,hitl,0.41.1,,2026-08-04T10:39:07.905Z,2026-08-04T10:44:51.419Z
npm,@or-sdk,users,3.8.1,,2026-08-04T10:39:07.462Z,2026-08-04T10:45:07.265Z
npm,@or-sdk,data-hub-svc,2.3.5,,2026-08-04T10:39:07.580Z,2026-08-04T10:45:25.067Z
npm,@or-sdk,knowledge-models,0.25.5,,2026-08-04T10:39:08.003Z,2026-08-04T10:45:08.438Z
npm,@or-sdk,ccp,10.15.4,,2026-08-04T10:39:08.187Z,2026-08-04T10:45:06.407Z
npm,@or-sdk,adapters,0.3.6,,2026-08-04T10:39:08.000Z,2026-08-04T10:44:48.347Z
npm,@onereach,step-conversation,1.0.41,,2026-08-04T10:39:07.504Z,2026-08-04T10:44:51.498Z
npm,@or-sdk,discovery,1.12.1,,2026-08-04T10:39:07.347Z,2026-08-04T10:44:49.146Z
npm,@or-sdk,flows,2.7.8,,2026-08-04T10:39:07.606Z,2026-08-04T10:45:03.234Z
npm,@or-sdk,invitations,1.4.8,,2026-08-04T10:39:07.917Z,2026-08-04T10:45:03.507Z
npm,@onereach,messengers-infobip-sdk,0.1.1,,2026-08-04T10:39:07.542Z,2026-08-04T10:44:54.395Z
npm,@or-sdk,queue-manager,1.4.6,,2026-08-04T10:39:07.634Z,2026-08-04T10:44:46.769Z
npm,@or-sdk,idw-public,1.6.6,,2026-08-04T10:39:07.332Z,2026-08-04T10:44:49.531Z
npm,@or-sdk,auth,0.38.1,,2026-08-04T10:39:07.330Z,2026-08-04T10:44:49.537Z
npm,@or-sdk,key-value-storage,0.28.6,,2026-08-04T10:39:07.851Z,2026-08-04T10:45:18.335Z
npm,@onereach,bandwidth-steps-voice-bxml,0.1.1,,2026-08-04T10:39:08.317Z,2026-08-04T10:44:58.976Z
npm,@or-sdk,authorizer,0.26.7,,2026-08-04T10:39:08.158Z,2026-08-04T10:44:58.469Z
npm,@onereach,rwc-client,6.4.7,,2026-08-04T10:39:07.076Z,2026-08-04T10:45:07.734Z
npm,@or-sdk,files,3.11.6,,2026-08-04T10:39:07.983Z,2026-08-04T10:44:57.477Z
npm,@onereach,expression-components,9.1.1,,2026-08-04T10:39:07.669Z,2026-08-04T10:44:50.011Z
npm,@or-sdk,billing-internal,27.2.1,,2026-08-04T10:39:08.402Z,2026-08-04T10:45:28.460Z
npm,@onereach,billing-shared,27.2.1,,2026-08-04T10:39:08.827Z,2026-08-04T10:45:29.386Z
npm,@onereach,styles,27.0.2,,2026-08-04T10:39:09.507Z,2026-08-04T10:45:20.218Z
npm,@onereach,font-icons,27.0.2,,2026-08-04T10:39:08.726Z,2026-08-04T10:45:19.701Z
npm,@onereach,ui-components-vue2,27.0.2,,2026-08-04T10:39:08.314Z,2026-08-04T10:45:31.778Z
npm,@or-sdk,idw,9.0.4,,2026-08-04T10:39:08.422Z,2026-08-04T10:45:45.655Z
npm,@onereach,ui-components-common,27.0.2,,2026-08-04T10:39:09.436Z,2026-08-04T10:45:24.894Z
npm,@or-sdk,tables,0.28.5,,2026-08-04T10:39:08.756Z,2026-08-04T10:45:36.394Z
npm,@onereach,si-text-message,0.4.5,,2026-08-04T10:39:08.232Z,2026-08-04T10:46:22.910Z
npm,@or-sdk,pgsql,1.5.1,,2026-08-04T10:39:08.603Z,2026-08-04T10:45:25.015Z
npm,@or-sdk,contacts,4.7.5,,2026-08-04T10:39:09.723Z,2026-08-04T10:46:46.560Z
npm,@or-sdk,tags,1.1.5,,2026-08-04T10:39:08.422Z,2026-08-04T10:45:32.477Z
npm,@or-sdk,data-hub,0.26.5,,2026-08-04T10:39:08.237Z,2026-08-04T10:45:46.052Z
npm,@or-sdk,bots,1.7.1,,2026-08-04T10:39:08.411Z,2026-08-04T10:45:22.749Z
npm,@onereach,regex-helper,0.5.16,,2026-08-04T10:39:08.847Z,2026-08-04T10:46:23.580Z
npm,@or-sdk,library-types-v1,9.0.1,,2026-08-04T10:39:08.586Z,2026-08-04T10:45:42.947Z
npm,@or-sdk,cards,1.2.5,,2026-08-04T10:39:08.525Z,2026-08-04T10:45:48.135Z
npm,@or-sdk,store,2.1.5,,2026-08-04T10:39:08.320Z,2026-08-04T10:45:40.108Z
npm,@or-sdk,views,3.1.5,,2026-08-04T10:39:08.859Z,2026-08-04T10:45:35.904Z
npm,@onereach,si-step-chooser,0.4.4,,2026-08-04T10:39:08.959Z,2026-08-04T10:46:02.247Z
npm,@or-sdk,chat,0.3.1,,2026-08-04T10:39:08.748Z,2026-08-04T10:46:07.066Z
npm,@onereach,or-pro,1.13.1,,2026-08-04T10:39:08.223Z,2026-08-04T10:46:40.926Z
npm,@onereach,channel-transformer,0.0.66,,2026-08-04T10:39:08.789Z,2026-08-04T10:46:22.330Z
npm,@onereach,si-dropdown-simple,0.4.5,,2026-08-04T10:39:08.348Z,2026-08-04T10:46:19.985Z
npm,@or-sdk,sdk-api,0.29.2,,2026-08-04T10:39:08.434Z,2026-08-04T10:45:45.523Z
npm,@onereach,si-root,0.9.4,,2026-08-04T10:39:08.749Z,2026-08-04T10:45:51.709Z
npm,@onereach,regular-expressions-test,0.0.4,,2026-08-04T10:39:08.522Z,2026-08-04T10:46:24.231Z
npm,@or-sdk,tickets,1.9.5,,2026-08-04T10:39:09.227Z,2026-08-04T10:46:06.880Z
npm,@onereach,orest-cli,2.4.1,,2026-08-04T10:39:08.700Z,2026-08-04T10:46:18.136Z
npm,@onereach,step-components,0.1.37,,2026-08-04T10:39:09.190Z,2026-08-04T10:46:16.913Z
npm,@onereach,si-validated-timestring-input,0.3.5,,2026-08-04T10:39:08.464Z,2026-08-04T10:46:13.835Z
npm,@or-sdk,deployments,2.1.5,,2026-08-04T10:39:09.080Z,2026-08-04T10:45:39.495Z
npm,@onereach,channel-transformers,0.0.5,,2026-08-04T10:39:08.225Z,2026-08-04T10:45:50.013Z
npm,@or-sdk,bot-templates,2.2.5,,2026-08-04T10:39:08.767Z,2026-08-04T10:45:55.513Z
npm,@onereach,si-textinput,0.5.5,,2026-08-04T10:39:09.026Z,2026-08-04T10:46:30.084Z
npm,@or-sdk,payments,3.2.5,,2026-08-04T10:39:08.644Z,2026-08-04T10:45:31.399Z
npm,@or-sdk,step-templates,2.2.5,,2026-08-04T10:39:08.881Z,2026-08-04T10:45:33.174Z
npm,@or-sdk,graph,1.10.5,,2026-08-04T10:39:08.525Z,2026-08-04T10:45:42.705Z
npm,@or-sdk,settings,0.25.6,,2026-08-04T10:39:08.790Z,2026-08-04T10:45:38.877Z
npm,@or-sdk,accounts,2.3.5,,2026-08-04T10:39:09.241Z,2026-08-04T10:45:35.398Z
npm,@or-sdk,event-manager,1.1.5,,2026-08-04T10:39:08.569Z,2026-08-04T10:45:33.396Z
npm,@onereach,condition-builder,1.0.8,,2026-08-04T10:39:08.555Z,2026-08-04T10:46:04.485Z
npm,,rwc-client,0.29.10,,2026-08-04T10:39:11.130Z,2026-08-04T10:48:56.589Z
npm,@onereach,si-radio-group,0.3.5,,2026-08-04T10:39:08.409Z,2026-08-04T10:46:52.303Z
npm,@onereach,si-merge-tag-input,0.4.5,,2026-08-04T10:39:08.700Z,2026-08-04T10:46:19.961Z
npm,@onereach,si-collapsible-group,0.6.4,,2026-08-04T10:39:09.251Z,2026-08-04T10:46:13.597Z
npm,@or-sdk,druid,1.4.7,,2026-08-04T10:39:08.262Z,2026-08-04T10:45:35.875Z
npm,@onereach,si-header,0.4.11,,2026-08-04T10:39:09.083Z,2026-08-04T10:46:13.467Z
npm,@onereach,si-switch,0.4.5,,2026-08-04T10:39:08.594Z,2026-08-04T10:46:37.975Z
npm,@onereach,si-list,0.7.4,,2026-08-04T10:39:08.762Z,2026-08-04T10:46:35.946Z
npm,@or-sdk,view-templates,2.2.5,,2026-08-04T10:39:08.528Z,2026-08-04T10:45:52.253Z
npm,@or-sdk,library,0.5.6,,2026-08-04T10:39:08.158Z,2026-08-04T10:45:33.217Z
npm,@or-sdk,permissions,2.8.1,,2026-08-04T10:39:08.768Z,2026-08-04T10:45:24.056Z
npm,@or-sdk,sku-builder,2.5.1,,2026-08-04T10:39:08.609Z,2026-08-04T10:45:36.034Z
npm,@or-sdk,library-categories,0.2.6,,2026-08-04T10:39:08.853Z,2026-08-04T10:45:25.627Z
npm,@or-sdk,content-request,0.2.6,,2026-08-04T10:39:09.026Z,2026-08-04T10:45:23.948Z
npm,@onereach,ssml-editor,2.0.12,,2026-08-04T10:39:08.442Z,2026-08-04T10:46:16.691Z
npm,@or-sdk,source,2.1.5,,2026-08-04T10:39:08.761Z,2026-08-04T10:46:03.624Z
npm,@onereach,si-copyable-text,0.4.11,,2026-08-04T10:39:08.401Z,2026-08-04T10:46:25.612Z
npm,@onereach,webform,0.3.13,,2026-08-04T10:39:10.025Z,2026-08-04T10:46:35.181Z
npm,@onereach,regular-expressions,0.5.23,,2026-08-04T10:39:08.357Z,2026-08-04T10:45:53.092Z
npm,@or-sdk,password,1.3.6,,2026-08-04T10:39:08.609Z,2026-08-04T10:45:59.060Z
npm,@onereach,or-sdk-agent-cli,0.0.6,,2026-08-04T10:39:08.700Z,2026-08-04T10:45:31.087Z
npm,@onereach,si-a-button,0.0.3,,2026-08-04T10:39:08.715Z,2026-08-04T10:46:21.169Z
npm,@onereach,si-divider,0.4.11,,2026-08-04T10:39:08.688Z,2026-08-04T10:45:48.325Z
npm,@or-sdk,permissions-lambda,2.5.1,,2026-08-04T10:39:08.924Z,2026-08-04T10:45:37.239Z
npm,@onereach,idw-apps,0.1.3,,2026-08-04T10:39:08.189Z,2026-08-04T10:45:46.992Z
npm,@onereach,si-alert,0.4.11,,2026-08-04T10:39:08.464Z,2026-08-04T10:46:19.944Z
npm,@or-sdk,api-tokens-lambda,1.4.2,,2026-08-04T10:39:08.318Z,2026-08-04T10:45:35.610Z
npm,@onereach,si-dropdown-advanced,0.4.5,,2026-08-04T10:39:08.344Z,2026-08-04T10:46:41.770Z
npm,@onereach,idw-contracts,0.1.2,,2026-08-04T10:39:08.538Z,2026-08-04T10:45:29.859Z
npm,@or-sdk,idw-skill,1.4.1,,2026-08-04T10:39:08.401Z,2026-08-04T10:45:39.237Z
npm,@or-sdk,keys,1.2.6,,2026-08-04T10:39:09.096Z,2026-08-04T10:45:34.139Z
npm,@onereach,or-browser,0.0.48,,2026-08-04T10:39:09.126Z,2026-08-04T10:45:58.747Z
npm,@onereach,or-browser-next,0.0.11,,2026-08-04T10:39:08.504Z,2026-08-04T10:45:25.637Z
npm,@onereach,v-event-calendar,0.1.22,,2026-08-04T10:39:08.385Z,2026-08-04T10:46:12.827Z
npm,@onereach,idw-sdk,0.1.2,,2026-08-04T10:39:08.425Z,2026-08-04T10:45:36.373Z
npm,@onereach,cb-schema-translator,1.3.1,,2026-08-04T10:39:08.650Z,2026-08-04T10:45:31.235Z
npm,@onereach,salesforce-miaw-client,0.0.3,,2026-08-04T10:39:08.069Z,2026-08-04T10:46:01.582Z
npm,@onereach,content-builder,0.0.18,,2026-08-04T10:39:07.924Z,2026-08-04T10:45:58.389Z
npm,@onereach,ui-components,27.0.2,,2026-08-04T10:39:08.921Z,2026-08-04T10:46:06.500Z
npm,@or-sdk,billing,27.2.1,,2026-08-04T10:39:08.436Z,2026-08-04T10:45:56.463Z
npm,@servicetitan,datetime-utils,41.3.1,,2026-08-04T10:41:16.994Z,2026-08-04T10:46:34.374Z
npm,@servicetitan,stylelint-config,38.1.2,,2026-08-04T10:42:40.250Z,2026-08-04T10:46:25.990Z
npm,@servicetitan,error-boundary,38.1.1,,2026-08-04T10:41:16.774Z,2026-08-04T10:46:26.960Z
npm,@servicetitan,confirm-navigation,41.3.2,,2026-08-04T10:42:40.321Z,2026-08-04T10:46:28.745Z
npm,@servicetitan,stylelint-config,38.1.3,,2026-08-04T10:45:33.690Z,2026-08-04T10:46:30.101Z
npm,@servicetitan,error-boundary,38.1.2,,2026-08-04T10:42:40.121Z,2026-08-04T10:46:30.409Z
npm,@servicetitan,react-ioc,38.1.2,,2026-08-04T10:42:40.043Z,2026-08-04T10:46:28.612Z
npm,@servicetitan,confirm,41.3.2,,2026-08-04T10:42:40.840Z,2026-08-04T10:46:26.943Z
npm,@servicetitan,confirm,41.3.3,,2026-08-04T10:45:34.156Z,2026-08-04T10:46:28.097Z
npm,@servicetitan,error-boundary,38.1.3,,2026-08-04T10:45:33.535Z,2026-08-04T10:46:26.352Z
npm,@servicetitan,cp-api,1.115.1,,2026-08-04T10:41:16.753Z,2026-08-04T10:46:43.110Z
npm,@servicetitan,react-ioc,38.1.3,,2026-08-04T10:45:33.541Z,2026-08-04T10:46:27.374Z
npm,@servicetitan,stylelint-config,38.1.1,,2026-08-04T10:41:16.706Z,2026-08-04T10:46:37.149Z
npm,@servicetitan,cp-api,1.115.3,,2026-08-04T10:45:33.591Z,2026-08-04T10:46:43.642Z
npm,@servicetitan,confirm-navigation,41.3.3,,2026-08-04T10:45:33.973Z,2026-08-04T10:46:26.920Z
npm,@servicetitan,confirm,41.3.1,,2026-08-04T10:41:16.707Z,2026-08-04T10:46:37.969Z
npm,@servicetitan,react-ioc,38.1.1,,2026-08-04T10:41:16.785Z,2026-08-04T10:46:28.358Z
npm,@servicetitan,cp-api,1.115.2,,2026-08-04T10:42:40.253Z,2026-08-04T10:46:43.138Z
npm,@servicetitan,confirm-navigation,41.3.1,,2026-08-04T10:41:16.882Z,2026-08-04T10:46:27.843Z
npm,@servicetitan,restrict-imports,38.1.2,,2026-08-04T10:42:39.847Z,2026-08-04T10:46:25.637Z
npm,@servicetitan,hammer-token,3.1.1,,2026-08-04T10:41:16.220Z,2026-08-04T10:47:15.990Z
npm,@servicetitan,anvil-icons,14.5.5,,2026-08-04T10:42:40.232Z,2026-08-04T10:46:41.914Z
npm,@servicetitan,form-state,41.3.3,,2026-08-04T10:45:33.972Z,2026-08-04T10:46:27.546Z
npm,@servicetitan,anvil2-ext-charts,0.2.5,,2026-08-04T10:42:39.841Z,2026-08-04T10:46:39.493Z
npm,@servicetitan,eslint-plugin,38.1.2,,2026-08-04T10:42:40.814Z,2026-08-04T10:46:29.082Z
npm,@servicetitan,navigation,14.1.1,,2026-08-04T10:41:16.512Z,2026-08-04T10:46:49.506Z
npm,@servicetitan,dte-unlayer,0.150.2,,2026-08-04T10:42:40.468Z,2026-08-04T10:46:29.559Z
npm,@servicetitan,component-usage,28.5.2,,2026-08-04T10:42:40.089Z,2026-08-04T10:46:41.266Z
npm,@servicetitan,dte-unlayer,0.150.1,,2026-08-04T10:41:16.345Z,2026-08-04T10:46:30.224Z
npm,@servicetitan,restrict-imports,38.1.1,,2026-08-04T10:41:16.766Z,2026-08-04T10:46:27.641Z
npm,@servicetitan,anvil-icons,14.5.4,,2026-08-04T10:41:16.958Z,2026-08-04T10:46:41.251Z
npm,@servicetitan,hammer-token,3.1.3,,2026-08-04T10:45:33.892Z,2026-08-04T10:47:21.325Z
npm,@servicetitan,hammer-token,3.1.2,,2026-08-04T10:42:40.452Z,2026-08-04T10:47:32.245Z
npm,@servicetitan,data-query,41.3.1,,2026-08-04T10:41:16.667Z,2026-08-04T10:46:43.216Z
npm,@servicetitan,navigation,14.1.2,,2026-08-04T10:42:40.206Z,2026-08-04T10:46:49.499Z
npm,@servicetitan,eslint-plugin,38.1.1,,2026-08-04T10:41:16.682Z,2026-08-04T10:46:38.329Z
npm,@servicetitan,anvil-themes,14.5.6,,2026-08-04T10:45:33.626Z,2026-08-04T10:46:36.847Z
npm,@servicetitan,data-query,41.3.2,,2026-08-04T10:42:40.317Z,2026-08-04T10:46:31.888Z
npm,@servicetitan,anvil2-ext-charts,0.2.6,,2026-08-04T10:45:33.773Z,2026-08-04T10:46:28.582Z
npm,@servicetitan,datetime-utils,41.3.3,,2026-08-04T10:45:33.510Z,2026-08-04T10:46:27.495Z
npm,@servicetitan,data-query,41.3.3,,2026-08-04T10:45:33.923Z,2026-08-04T10:46:29.745Z
npm,@servicetitan,anvil-themes,14.5.4,,2026-08-04T10:41:16.632Z,2026-08-04T10:46:34.895Z
npm,@servicetitan,navigation,14.1.3,,2026-08-04T10:45:33.878Z,2026-08-04T10:46:49.953Z
npm,@servicetitan,form-state,41.3.1,,2026-08-04T10:41:16.542Z,2026-08-04T10:46:29.688Z
npm,@servicetitan,restrict-imports,38.1.3,,2026-08-04T10:45:33.890Z,2026-08-04T10:46:50.475Z
npm,@servicetitan,component-usage,28.5.1,,2026-08-04T10:41:16.866Z,2026-08-04T10:46:40.686Z
npm,@servicetitan,anvil2-ext-charts,0.2.4,,2026-08-04T10:41:16.523Z,2026-08-04T10:46:39.332Z
npm,@servicetitan,eslint-plugin-folder-schema,38.1.1,,2026-08-04T10:41:16.301Z,2026-08-04T10:46:33.573Z
npm,@servicetitan,form-state,41.3.2,,2026-08-04T10:42:41.143Z,2026-08-04T10:46:29.788Z
npm,@servicetitan,eslint-plugin,38.1.3,,2026-08-04T10:45:34.002Z,2026-08-04T10:46:31.936Z
npm,@servicetitan,eslint-plugin-folder-schema,38.1.2,,2026-08-04T10:42:40.158Z,2026-08-04T10:46:35.291Z
npm,@servicetitan,anvil-icons,14.5.6,,2026-08-04T10:45:33.411Z,2026-08-04T10:46:42.971Z
npm,@servicetitan,component-usage,28.5.3,,2026-08-04T10:45:33.961Z,2026-08-04T10:46:42.582Z
npm,@servicetitan,datetime-utils,41.3.2,,2026-08-04T10:42:40.140Z,2026-08-04T10:46:47.329Z
npm,@servicetitan,hash-browser-router,38.1.3,,2026-08-04T10:45:33.718Z,2026-08-04T10:46:29.431Z
npm,@servicetitan,hash-browser-router,38.1.1,,2026-08-04T10:41:16.708Z,2026-08-04T10:46:29.586Z
npm,@servicetitan,eslint-plugin-folder-schema,38.1.3,,2026-08-04T10:45:33.529Z,2026-08-04T10:46:27.974Z
npm,@servicetitan,anvil-themes,14.5.5,,2026-08-04T10:42:40.030Z,2026-08-04T10:46:28.101Z
npm,@servicetitan,testing-library,6.6.3,,2026-08-04T10:45:33.951Z,2026-08-04T10:46:40.936Z
npm,@servicetitan,toolbelt-shared-registry,1.14.3,,2026-08-04T10:45:33.754Z,2026-08-04T10:46:38.712Z
npm,@servicetitan,standalone-ui,2.2.5,,2026-08-04T10:42:40.331Z,2026-08-04T10:47:16.910Z
npm,@servicetitan,uikit-docs,22.11.2,,2026-08-04T10:42:40.935Z,2026-08-04T10:46:27.312Z
npm,@servicetitan,standalone-ui,2.2.4,,2026-08-04T10:41:16.939Z,2026-08-04T10:47:17.413Z
npm,@servicetitan,toolbelt-shared-registry,1.14.2,,2026-08-04T10:42:40.173Z,2026-08-04T10:46:49.799Z
npm,@servicetitan,uikit-docs,22.11.1,,2026-08-04T10:41:16.989Z,2026-08-04T10:46:26.658Z
npm,@servicetitan,toolbelt-shared-registry,1.14.1,,2026-08-04T10:41:16.731Z,2026-08-04T10:46:39.893Z
npm,@servicetitan,hash-browser-router,38.1.2,,2026-08-04T10:42:40.105Z,2026-08-04T10:46:29.124Z
npm,@servicetitan,testing-library,6.6.1,,2026-08-04T10:41:16.468Z,2026-08-04T10:46:35.456Z
npm,@servicetitan,testing-library,6.6.2,,2026-08-04T10:42:40.563Z,2026-08-04T10:46:48.364Z
npm,@servicetitan,standalone-ui,2.2.6,,2026-08-04T10:45:34.296Z,2026-08-04T10:47:17.609Z
npm,@servicetitan,ld-type-generator,0.2.2,,2026-08-04T10:42:40.186Z,2026-08-04T10:46:47.146Z
npm,@servicetitan,json-render-react,0.4.7,,2026-08-04T10:42:40.305Z,2026-08-04T10:46:53.053Z
npm,@servicetitan,uikit-docs,22.11.3,,2026-08-04T10:45:33.810Z,2026-08-04T10:46:35.081Z
npm,@servicetitan,json-render-react,0.4.6,,2026-08-04T10:41:16.825Z,2026-08-04T10:46:40.215Z
npm,,verdaccio-okta-oauth,38.1.3,,2026-08-04T10:45:33.501Z,2026-08-04T10:46:33.133Z
npm,@servicetitan,json-render-react,0.4.8,,2026-08-04T10:45:34.279Z,2026-08-04T10:46:33.856Z
npm,@servicetitan,docs-anvil-uikit-contrib,41.3.1,,2026-08-04T10:41:17.081Z,2026-08-04T10:46:30.064Z
npm,@servicetitan,docs-anvil-uikit-contrib,41.3.2,,2026-08-04T10:42:39.910Z,2026-08-04T10:46:36.960Z
npm,@servicetitan,docs-anvil-uikit-contrib,41.3.3,,2026-08-04T10:45:33.959Z,2026-08-04T10:46:34.359Z
npm,,verdaccio-okta-oauth,38.1.2,,2026-08-04T10:42:40.078Z,2026-08-04T10:46:34.011Z
npm,,verdaccio-tarball-local-storage,38.1.3,,2026-08-04T10:45:33.707Z,2026-08-04T10:46:38.628Z
npm,,verdaccio-okta-oauth,38.1.1,,2026-08-04T10:41:16.550Z,2026-08-04T10:46:30.823Z
npm,,verdaccio-tarball-local-storage,38.1.2,,2026-08-04T10:42:39.918Z,2026-08-04T10:46:29.381Z
npm,,verdaccio-tarball-local-storage,38.1.1,,2026-08-04T10:41:16.876Z,2026-08-04T10:46:33.699Z
npm,@servicetitan,launchdarkly-service,38.1.1,,2026-08-04T10:41:16.459Z,2026-08-04T10:46:31.775Z
npm,@servicetitan,titan-chat-ui-common,9.0.3,,2026-08-04T10:45:34.229Z,2026-08-04T10:46:55.122Z
npm,@servicetitan,react-hooks,7.7.2,,2026-08-04T10:42:40.792Z,2026-08-04T10:46:31.153Z
npm,@servicetitan,launchdarkly-service,38.1.2,,2026-08-04T10:42:40.560Z,2026-08-04T10:46:31.771Z
npm,@servicetitan,react-hooks,7.7.3,,2026-08-04T10:45:34.108Z,2026-08-04T10:46:29.901Z
npm,@servicetitan,marketing-form,0.1.4,,2026-08-04T10:45:33.623Z,2026-08-04T10:46:40.307Z
npm,@servicetitan,react-hooks,7.7.1,,2026-08-04T10:41:16.546Z,2026-08-04T10:46:32.871Z
npm,@servicetitan,launchdarkly-service,38.1.3,,2026-08-04T10:45:34.157Z,2026-08-04T10:46:41.595Z
npm,@servicetitan,titan-chat-ui-common,9.0.1,,2026-08-04T10:41:16.456Z,2026-08-04T10:46:55.982Z
npm,@servicetitan,titan-chat-ui-common,9.0.2,,2026-08-04T10:42:40.551Z,2026-08-04T10:46:54.834Z
npm,@servicetitan,measure-sheet-data,2.6.2,,2026-08-04T10:42:41.236Z,2026-08-04T10:46:28.475Z
npm,@servicetitan,marketing-form,0.1.3,,2026-08-04T10:42:40.128Z,2026-08-04T10:46:31.084Z
npm,@servicetitan,marketing-route,1.2.3,,2026-08-04T10:45:33.778Z,2026-08-04T10:46:40.477Z
npm,@servicetitan,startup-jest,2.2.3,,2026-08-04T10:45:33.683Z,2026-08-04T10:46:46.082Z
npm,@servicetitan,marketing-form,0.1.2,,2026-08-04T10:41:16.697Z,2026-08-04T10:46:31.338Z
npm,@servicetitan,html-sketchapp,4.2.10,,2026-08-04T10:45:33.913Z,2026-08-04T10:47:24.044Z
npm,@servicetitan,html-sketchapp,4.2.8,,2026-08-04T10:41:16.426Z,2026-08-04T10:47:13.652Z
npm,@servicetitan,html-sketchapp,4.2.9,,2026-08-04T10:42:40.458Z,2026-08-04T10:47:13.679Z
npm,@servicetitan,measure-sheet-data,2.6.1,,2026-08-04T10:41:16.794Z,2026-08-04T10:46:38.911Z
npm,@servicetitan,marketing-route,1.2.1,,2026-08-04T10:41:16.657Z,2026-08-04T10:46:38.304Z
npm,@servicetitan,startup-jest,2.2.2,,2026-08-04T10:42:40.259Z,2026-08-04T10:46:45.875Z
npm,@servicetitan,startup-jest,2.2.1,,2026-08-04T10:41:16.663Z,2026-08-04T10:46:54.892Z
npm,@servicetitan,marketing-route,1.2.2,,2026-08-04T10:42:39.749Z,2026-08-04T10:46:40.313Z
npm,@servicetitan,kendo-theme,0.0.29,,2026-08-04T10:45:33.704Z,2026-08-04T10:46:29.542Z
npm,@servicetitan,document-title,2.4.2,,2026-08-04T10:42:40.210Z,2026-08-04T10:46:28.961Z
npm,@servicetitan,ld-type-generator,0.2.1,,2026-08-04T10:41:16.321Z,2026-08-04T10:46:46.417Z
npm,@servicetitan,ld-type-generator,0.2.3,,2026-08-04T10:45:33.374Z,2026-08-04T10:46:46.612Z
npm,@servicetitan,document-title,2.4.1,,2026-08-04T10:41:16.807Z,2026-08-04T10:46:37.835Z
npm,@servicetitan,document-title,2.4.3,,2026-08-04T10:45:33.704Z,2026-08-04T10:46:38.200Z
npm,@servicetitan,marketing-global-route,1.14.2,,2026-08-04T10:42:40.735Z,2026-08-04T10:46:39.600Z
npm,@servicetitan,marketing-global-route,1.14.1,,2026-08-04T10:41:16.429Z,2026-08-04T10:46:43.642Z
npm,@servicetitan,responsive,6.1.2,,2026-08-04T10:42:41.215Z,2026-08-04T10:46:53.678Z
npm,@servicetitan,help-center,1.0.10,,2026-08-04T10:45:33.893Z,2026-08-04T10:46:56.701Z
npm,@servicetitan,datadog-rum,38.1.1,,2026-08-04T10:41:16.725Z,2026-08-04T10:46:33.120Z
npm,@servicetitan,datadog-rum,38.1.3,,2026-08-04T10:45:34.068Z,2026-08-04T10:46:33.266Z
npm,@servicetitan,anvil2-ext-mwv,0.0.6,,2026-08-04T10:42:39.974Z,2026-08-04T10:46:30.920Z
npm,@servicetitan,startup-utils,38.1.3,,2026-08-04T10:45:33.798Z,2026-08-04T10:46:30.772Z
npm,@servicetitan,kendo-theme,0.0.27,,2026-08-04T10:41:16.819Z,2026-08-04T10:46:29.447Z
npm,@servicetitan,kendo-theme,0.0.28,,2026-08-04T10:42:40.205Z,2026-08-04T10:46:29.209Z
npm,@servicetitan,datadog-rum,38.1.2,,2026-08-04T10:42:40.706Z,2026-08-04T10:46:41.147Z
npm,@servicetitan,carto-tokens,0.3.2,,2026-08-04T10:42:40.204Z,2026-08-04T10:46:32.973Z
npm,@servicetitan,responsive,6.1.1,,2026-08-04T10:41:16.502Z,2026-08-04T10:46:53.173Z
npm,@servicetitan,eslint-plugin-mobx-6,12.8.15,,2026-08-04T10:41:16.850Z,2026-08-04T10:46:36.308Z
npm,@servicetitan,carto-tokens,0.3.3,,2026-08-04T10:45:33.877Z,2026-08-04T10:46:40.923Z
npm,@servicetitan,startup-utils,38.1.1,,2026-08-04T10:41:16.592Z,2026-08-04T10:46:30.723Z
npm,@servicetitan,help-center,1.0.8,,2026-08-04T10:41:17.104Z,2026-08-04T10:46:48.076Z
npm,@servicetitan,quick-actions,1.15.3,,2026-08-04T10:42:40.763Z,2026-08-04T10:46:38.213Z
npm,@servicetitan,responsive,6.1.3,,2026-08-04T10:45:34.650Z,2026-08-04T10:46:53.234Z
npm,@servicetitan,anvil-token,0.4.3,,2026-08-04T10:45:34.149Z,2026-08-04T10:46:32.164Z
npm,@servicetitan,carto-tokens,0.3.1,,2026-08-04T10:41:17.013Z,2026-08-04T10:46:42.988Z
npm,@servicetitan,anvil-token,0.4.2,,2026-08-04T10:42:40.163Z,2026-08-04T10:46:50.650Z
npm,@servicetitan,startup-utils,38.1.2,,2026-08-04T10:42:39.933Z,2026-08-04T10:46:37.767Z
npm,@servicetitan,anvil2-ext-mwv,0.0.5,,2026-08-04T10:41:16.614Z,2026-08-04T10:46:31.910Z
npm,@servicetitan,eslint-plugin-mobx-6,12.8.16,,2026-08-04T10:45:33.600Z,2026-08-04T10:46:35.824Z
npm,@servicetitan,help-center,1.0.9,,2026-08-04T10:42:40.554Z,2026-08-04T10:46:47.918Z
npm,@servicetitan,anvil2-ext-mwv,0.0.7,,2026-08-04T10:45:33.784Z,2026-08-04T10:46:32.492Z
npm,@servicetitan,quick-actions,1.15.4,,2026-08-04T10:45:34.097Z,2026-08-04T10:46:43.484Z
npm,@servicetitan,quick-actions,1.15.2,,2026-08-04T10:41:16.443Z,2026-08-04T10:46:38.031Z
npm,@servicetitan,widget-platform-monolith,5.6.2,,2026-08-04T10:42:40.101Z,2026-08-04T10:46:44.395Z
npm,@servicetitan,contentful,0.0.3,,2026-08-04T10:41:16.899Z,2026-08-04T10:46:52.570Z
npm,@servicetitan,contentful-proxy,1.1.13,,2026-08-04T10:42:40.353Z,2026-08-04T10:47:01.272Z
npm,@servicetitan,widget-platform,5.6.3,,2026-08-04T10:45:33.654Z,2026-08-04T10:46:37.815Z
npm,@servicetitan,anvil-token,0.4.1,,2026-08-04T10:41:17.084Z,2026-08-04T10:46:42.284Z
npm,@servicetitan,assist-utils,1.1.3,,2026-08-04T10:42:40.675Z,2026-08-04T10:46:59.237Z
npm,@servicetitan,acquisition-functions,5.22.1,,2026-08-04T10:41:16.421Z,2026-08-04T10:46:44.852Z
npm,@servicetitan,eh-module-communication,0.2.2,,2026-08-04T10:42:39.719Z,2026-08-04T10:46:34.555Z
npm,@servicetitan,eslint-plugin-decorators-declare,12.8.16,,2026-08-04T10:42:40.407Z,2026-08-04T10:46:48.217Z
npm,@servicetitan,assist-utils,1.1.2,,2026-08-04T10:41:16.780Z,2026-08-04T10:47:05.473Z
npm,@servicetitan,acquisition-functions,5.22.2,,2026-08-04T10:42:40.284Z,2026-08-04T10:46:43.111Z
npm,@servicetitan,acquisition-functions,5.22.3,,2026-08-04T10:45:33.631Z,2026-08-04T10:46:33.600Z
npm,@servicetitan,anvil2-mcp,0.0.9,,2026-08-04T10:41:16.924Z,2026-08-04T10:46:31.195Z
npm,@servicetitan,assist-utils,1.1.4,,2026-08-04T10:45:34.112Z,2026-08-04T10:46:59.449Z
npm,@servicetitan,widget-platform,5.6.1,,2026-08-04T10:41:16.826Z,2026-08-04T10:46:42.369Z
npm,@servicetitan,contentful-proxy,1.1.12,,2026-08-04T10:41:16.927Z,2026-08-04T10:46:50.342Z
npm,@servicetitan,va-mfe-loader,1.1.3,,2026-08-04T10:45:33.982Z,2026-08-04T10:46:31.884Z
npm,@servicetitan,eslint-plugin-decorators-declare,12.8.15,,2026-08-04T10:41:17.046Z,2026-08-04T10:46:40.449Z
npm,@servicetitan,widget-platform,5.6.2,,2026-08-04T10:42:39.945Z,2026-08-04T10:46:39.977Z
npm,@servicetitan,contentful-proxy,1.1.14,,2026-08-04T10:45:34.388Z,2026-08-04T10:46:56.804Z
npm,@servicetitan,anvil2-mcp,0.0.11,,2026-08-04T10:45:33.879Z,2026-08-04T10:46:41.614Z
npm,@servicetitan,contentful,0.0.5,,2026-08-04T10:45:33.752Z,2026-08-04T10:46:56.162Z
npm,@servicetitan,eslint-plugin-decorators-declare,12.8.17,,2026-08-04T10:45:33.556Z,2026-08-04T10:46:54.155Z
npm,@servicetitan,widget-platform-monolith,5.6.3,,2026-08-04T10:45:33.778Z,2026-08-04T10:46:33.693Z
npm,@servicetitan,va-mfe-loader,1.1.2,,2026-08-04T10:42:40.129Z,2026-08-04T10:46:53.405Z
npm,@servicetitan,anvil2-mcp,0.0.10,,2026-08-04T10:42:40.309Z,2026-08-04T10:46:31.483Z
npm,@servicetitan,contentful,0.0.4,,2026-08-04T10:42:40.035Z,2026-08-04T10:46:48.096Z
npm,@servicetitan,eh-module-communication,0.2.3,,2026-08-04T10:45:33.566Z,2026-08-04T10:46:36.132Z
npm,@servicetitan,widget-platform-monolith,5.6.1,,2026-08-04T10:41:16.997Z,2026-08-04T10:46:39.205Z
npm,@servicetitan,va-mfe-loader,1.1.1,,2026-08-04T10:41:16.874Z,2026-08-04T10:46:40.887Z
npm,@servicetitan,eh-module-communication,0.2.1,,2026-08-04T10:41:16.797Z,2026-08-04T10:46:45.574Z
npm,@servicetitan,titan-chat-ui-cypress,2.1.4,,2026-08-04T10:42:40.033Z,2026-08-04T10:46:43.414Z
npm,@servicetitan,thoughtspot-theme,1.7.3,,2026-08-04T10:45:33.566Z,2026-08-04T10:46:50.566Z
npm,@servicetitan,titan-chat-ui-cypress,2.1.3,,2026-08-04T10:41:16.977Z,2026-08-04T10:46:37.418Z
npm,@servicetitan,titan-chat-ui-cypress,2.1.5,,2026-08-04T10:45:33.883Z,2026-08-04T10:46:44.621Z
npm,@servicetitan,carto-charts-core,0.0.3,,2026-08-04T10:42:40.190Z,2026-08-04T10:46:35.042Z
npm,,eslint-plugin-folder-schema,1.0.7,,2026-08-04T10:42:40.157Z,2026-08-04T10:46:49.176Z
npm,@servicetitan,standalone-tm-api,1.1.2,,2026-08-04T10:42:40.005Z,2026-08-04T10:46:38.393Z
npm,@servicetitan,carto-charts-core,0.0.2,,2026-08-04T10:41:16.871Z,2026-08-04T10:46:43.897Z
npm,@servicetitan,schema-comparison,0.1.5,,2026-08-04T10:45:33.995Z,2026-08-04T10:46:41.308Z
npm,@servicetitan,schema-comparison,0.1.3,,2026-08-04T10:41:16.850Z,2026-08-04T10:46:46.353Z
npm,@servicetitan,schema-comparison,0.1.4,,2026-08-04T10:42:39.990Z,2026-08-04T10:46:46.639Z
npm,@servicetitan,thoughtspot-theme,1.7.1,,2026-08-04T10:41:16.446Z,2026-08-04T10:46:50.579Z
npm,@servicetitan,anvil2-illustrations,1.0.2,,2026-08-04T10:41:16.829Z,2026-08-04T10:46:31.712Z
npm,@servicetitan,carto-charts-react,0.0.3,,2026-08-04T10:42:40.261Z,2026-08-04T10:46:48.426Z
npm,@servicetitan,standalone-tm-api,1.1.3,,2026-08-04T10:45:33.739Z,2026-08-04T10:46:38.717Z
npm,,eslint-plugin-folder-schema,1.0.6,,2026-08-04T10:41:16.769Z,2026-08-04T10:46:56.311Z
npm,,eslint-plugin-folder-schema,1.0.8,,2026-08-04T10:45:33.795Z,2026-08-04T10:47:05.353Z
npm,@servicetitan,anvil2-illustrations,1.0.3,,2026-08-04T10:42:40.614Z,2026-08-04T10:46:43.871Z
npm,@servicetitan,carto-charts-core,0.0.4,,2026-08-04T10:45:33.609Z,2026-08-04T10:46:37.631Z
npm,@servicetitan,standalone-tm-api,1.1.1,,2026-08-04T10:41:16.609Z,2026-08-04T10:46:47.132Z
npm,@servicetitan,carto-charts-react,0.0.2,,2026-08-04T10:41:16.857Z,2026-08-04T10:46:45.862Z
npm,@servicetitan,thoughtspot-theme,1.7.2,,2026-08-04T10:42:40.097Z,2026-08-04T10:46:42.697Z
npm,@servicetitan,anvil2-illustrations,1.0.4,,2026-08-04T10:45:33.860Z,2026-08-04T10:46:40.029Z
npm,@servicetitan,carto-charts-react,0.0.4,,2026-08-04T10:45:33.589Z,2026-08-04T10:46:43.967Z
npm,@servicetitan,web-components,38.1.3,,2026-08-04T10:45:34.860Z,2026-08-04T10:47:37.599Z
npm,@servicetitan,ajax-handlers,38.1.1,,2026-08-04T10:41:17.241Z,2026-08-04T10:47:39.752Z
npm,@servicetitan,anvil-css-utilities,14.5.4,,2026-08-04T10:41:17.826Z,2026-08-04T10:47:43.099Z
npm,@servicetitan,web-components,38.1.2,,2026-08-04T10:42:40.370Z,2026-08-04T10:47:38.008Z
npm,@servicetitan,table,41.3.1,,2026-08-04T10:41:17.402Z,2026-08-04T10:47:36.697Z
npm,@servicetitan,cp-mfe-dev,1.115.3,,2026-08-04T10:45:33.918Z,2026-08-04T10:47:47.325Z
npm,@servicetitan,anvil-css-utilities,14.5.5,,2026-08-04T10:42:40.430Z,2026-08-04T10:47:33.514Z
npm,@servicetitan,culture,41.3.3,,2026-08-04T10:45:33.734Z,2026-08-04T10:47:37.326Z
npm,@servicetitan,culture,41.3.2,,2026-08-04T10:42:40.247Z,2026-08-04T10:47:42.980Z
npm,@servicetitan,culture,41.3.1,,2026-08-04T10:41:17.337Z,2026-08-04T10:47:36.272Z
npm,@servicetitan,ajax-handlers,38.1.3,,2026-08-04T10:45:33.905Z,2026-08-04T10:47:44.869Z
npm,@servicetitan,mfe-quick-actions,0.5.49,,2026-08-04T10:41:18.162Z,2026-08-04T10:48:11.831Z
npm,@servicetitan,mfe-quick-actions,0.5.50,,2026-08-04T10:42:41.930Z,2026-08-04T10:48:11.305Z
npm,@servicetitan,cp-mfe-dev,1.115.2,,2026-08-04T10:42:39.988Z,2026-08-04T10:47:47.144Z
npm,@servicetitan,admin-sql-table,1.0.14,,2026-08-04T10:41:16.922Z,2026-08-04T10:48:03.403Z
npm,@servicetitan,notifications,41.3.2,,2026-08-04T10:42:40.316Z,2026-08-04T10:47:37.753Z
npm,@servicetitan,notifications,41.3.1,,2026-08-04T10:41:17.273Z,2026-08-04T10:47:37.310Z
npm,@servicetitan,notifications,41.3.3,,2026-08-04T10:45:34.182Z,2026-08-04T10:47:37.284Z
npm,@servicetitan,anvil-fonts,14.5.5,,2026-08-04T10:42:40.059Z,2026-08-04T10:47:36.930Z
npm,@servicetitan,suppress-warnings,38.1.1,,2026-08-04T10:41:17.592Z,2026-08-04T10:47:35.970Z
npm,@servicetitan,anvil-fonts,14.5.6,,2026-08-04T10:45:33.905Z,2026-08-04T10:47:37.615Z
npm,@servicetitan,anvil-fonts,14.5.4,,2026-08-04T10:41:17.757Z,2026-08-04T10:47:39.636Z
npm,@servicetitan,lazy-module,38.1.2,,2026-08-04T10:42:40.245Z,2026-08-04T10:47:35.561Z
npm,@servicetitan,suppress-warnings,38.1.3,,2026-08-04T10:45:33.976Z,2026-08-04T10:47:33.336Z
npm,@servicetitan,ko-bridge,38.1.1,,2026-08-04T10:41:17.228Z,2026-08-04T10:47:35.311Z
npm,@servicetitan,lazy-module,38.1.1,,2026-08-04T10:41:17.084Z,2026-08-04T10:47:34.663Z
npm,@servicetitan,eslint-config,38.1.1,,2026-08-04T10:41:17.205Z,2026-08-04T10:47:36.527Z
npm,@servicetitan,lazy-module,38.1.3,,2026-08-04T10:45:33.708Z,2026-08-04T10:47:43.094Z
npm,@servicetitan,suppress-warnings,38.1.2,,2026-08-04T10:42:40.273Z,2026-08-04T10:47:42.845Z
npm,@servicetitan,table,41.3.2,,2026-08-04T10:42:40.796Z,2026-08-04T10:47:40.256Z
npm,@servicetitan,hammer-react,1.42.3,,2026-08-04T10:42:41.017Z,2026-08-04T10:48:38.065Z
npm,@servicetitan,ko-bridge,38.1.3,,2026-08-04T10:45:33.643Z,2026-08-04T10:47:37.560Z
npm,@servicetitan,folder-lint,38.1.1,,2026-08-04T10:41:16.969Z,2026-08-04T10:47:34.943Z
npm,@servicetitan,ko-bridge,38.1.2,,2026-08-04T10:42:39.966Z,2026-08-04T10:47:34.386Z
npm,@servicetitan,folder-lint,38.1.2,,2026-08-04T10:42:39.852Z,2026-08-04T10:47:47.623Z
npm,@servicetitan,link-item,41.3.3,,2026-08-04T10:45:33.591Z,2026-08-04T10:47:43.878Z
npm,@servicetitan,folder-lint,38.1.3,,2026-08-04T10:45:33.797Z,2026-08-04T10:47:34.288Z
npm,@servicetitan,log-service,38.1.3,,2026-08-04T10:45:33.534Z,2026-08-04T10:47:40.714Z
npm,@servicetitan,anvil-css-utilities,14.5.6,,2026-08-04T10:45:34.137Z,2026-08-04T10:47:43.670Z
npm,@servicetitan,log-service,38.1.2,,2026-08-04T10:42:40.042Z,2026-08-04T10:47:37.877Z
npm,@servicetitan,hammer-react,1.42.4,,2026-08-04T10:45:35.149Z,2026-08-04T10:48:37.964Z
npm,@servicetitan,eslint-config,38.1.2,,2026-08-04T10:42:39.876Z,2026-08-04T10:47:38.110Z
npm,@servicetitan,form,41.3.3,,2026-08-04T10:45:34.981Z,2026-08-04T10:47:52.932Z
npm,@servicetitan,form,41.3.2,,2026-08-04T10:42:41.199Z,2026-08-04T10:47:48.295Z
npm,@servicetitan,log-service,38.1.1,,2026-08-04T10:41:17.085Z,2026-08-04T10:47:36.776Z
npm,@servicetitan,form,41.3.1,,2026-08-04T10:41:17.282Z,2026-08-04T10:47:38.487Z
npm,@servicetitan,link-item,41.3.1,,2026-08-04T10:41:16.867Z,2026-08-04T10:47:35.758Z
npm,@servicetitan,moneyout-api-client,1.29.3,,2026-08-04T10:45:33.687Z,2026-08-04T10:47:45.673Z
npm,@servicetitan,moneyout-api-client,1.29.1,,2026-08-04T10:41:17.460Z,2026-08-04T10:47:48.433Z
npm,@servicetitan,eslint-config,38.1.3,,2026-08-04T10:45:34.293Z,2026-08-04T10:47:38.612Z
npm,@servicetitan,design-system,14.5.5,,2026-08-04T10:42:41.124Z,2026-08-04T10:48:43.749Z
npm,@servicetitan,design-system,14.5.6,,2026-08-04T10:45:34.792Z,2026-08-04T10:48:50.457Z
npm,@servicetitan,design-system,14.5.4,,2026-08-04T10:41:17.957Z,2026-08-04T10:48:55.924Z
npm,@servicetitan,moneyout-api-client,1.29.2,,2026-08-04T10:42:40.040Z,2026-08-04T10:47:40.822Z
npm,@servicetitan,link-item,41.3.2,,2026-08-04T10:42:40.064Z,2026-08-04T10:47:35.867Z
npm,@servicetitan,tokens,12.9.2,,2026-08-04T10:42:41.643Z,2026-08-04T10:47:55.396Z
npm,@servicetitan,tokens,12.9.1,,2026-08-04T10:41:17.792Z,2026-08-04T10:47:44.853Z
npm,@servicetitan,anvil2,3.9.1,,2026-08-04T10:41:18.749Z,2026-08-04T10:48:00.766Z
npm,@servicetitan,tokens,12.9.3,,2026-08-04T10:45:35.342Z,2026-08-04T10:47:46.637Z
npm,@servicetitan,table,41.3.3,,2026-08-04T10:45:35.006Z,2026-08-04T10:47:48.366Z
npm,@servicetitan,startup,38.1.3,,2026-08-04T10:45:35.103Z,2026-08-04T10:48:16.936Z
npm,@servicetitan,startup,38.1.2,,2026-08-04T10:42:41.560Z,2026-08-04T10:48:05.998Z
npm,@servicetitan,startup,38.1.1,,2026-08-04T10:41:17.536Z,2026-08-04T10:48:16.940Z
npm,@servicetitan,hammer-react,1.42.2,,2026-08-04T10:41:17.963Z,2026-08-04T10:48:38.648Z
npm,@servicetitan,web-components,38.1.1,,2026-08-04T10:41:17.728Z,2026-08-04T10:47:43.499Z
npm,@servicetitan,ajax-handlers,38.1.2,,2026-08-04T10:42:40.487Z,2026-08-04T10:47:45.166Z
npm,@servicetitan,mfe-quick-actions,0.5.51,,2026-08-04T10:45:35.215Z,2026-08-04T10:48:11.798Z
npm,@servicetitan,cp-mfe-dev,1.115.1,,2026-08-04T10:41:17.435Z,2026-08-04T10:47:47.307Z
npm,@servicetitan,anvil2,3.9.2,,2026-08-04T10:42:41.699Z,2026-08-04T10:48:00.740Z
npm,@servicetitan,eslint-plugin-processors-stub,12.8.17,,2026-08-04T10:45:33.559Z,2026-08-04T10:47:39.453Z
npm,@servicetitan,eslint-plugin-processors-stub,12.8.15,,2026-08-04T10:41:17.281Z,2026-08-04T10:47:45.093Z
npm,@servicetitan,marketing-ui,9.3.2,,2026-08-04T10:42:41.017Z,2026-08-04T10:47:46.031Z
npm,@servicetitan,eslint-plugin-processors-stub,12.8.16,,2026-08-04T10:42:40.180Z,2026-08-04T10:47:43.213Z
npm,@servicetitan,marketing-ui,9.3.1,,2026-08-04T10:41:17.767Z,2026-08-04T10:48:03.478Z
npm,@servicetitan,marketing-ui,9.3.3,,2026-08-04T10:45:34.563Z,2026-08-04T10:47:45.481Z
npm,@servicetitan,anvil2-ext-common,0.7.3,,2026-08-04T10:45:34.366Z,2026-08-04T10:47:58.464Z
npm,@servicetitan,anvil2-ext-common,0.7.2,,2026-08-04T10:42:40.298Z,2026-08-04T10:48:01.749Z
npm,@servicetitan,cp-ui,1.115.3,,2026-08-04T10:45:34.678Z,2026-08-04T10:47:58.472Z
npm,@servicetitan,admin-sql-table,1.0.15,,2026-08-04T10:42:40.049Z,2026-08-04T10:48:07.829Z
npm,@servicetitan,admin-sql-table,1.0.16,,2026-08-04T10:45:33.563Z,2026-08-04T10:48:03.662Z
npm,@servicetitan,anvil2-ext-common,0.7.1,,2026-08-04T10:41:17.265Z,2026-08-04T10:48:14.740Z
npm,@servicetitan,cp-ui,1.115.2,,2026-08-04T10:42:40.873Z,2026-08-04T10:47:58.560Z
npm,@servicetitan,cp-ui,1.115.1,,2026-08-04T10:41:17.546Z,2026-08-04T10:47:58.475Z
npm,@servicetitan,admin-layout,2.4.4,,2026-08-04T10:42:39.733Z,2026-08-04T10:47:45.109Z
npm,@servicetitan,mpa-components,2.5.1,,2026-08-04T10:41:17.844Z,2026-08-04T10:48:01.047Z
npm,@servicetitan,assist-ui,2.1.1,,2026-08-04T10:41:17.666Z,2026-08-04T10:47:52.712Z
npm,@servicetitan,mpa-components,2.5.2,,2026-08-04T10:42:40.901Z,2026-08-04T10:48:00.716Z
npm,@servicetitan,mpa-components,2.5.3,,2026-08-04T10:45:35.115Z,2026-08-04T10:48:00.725Z
npm,@servicetitan,admin-layout,2.4.5,,2026-08-04T10:45:34.503Z,2026-08-04T10:47:42.989Z
npm,@servicetitan,anvil2-ext-atlas,4.0.3,,2026-08-04T10:42:41.248Z,2026-08-04T10:48:34.395Z
npm,@servicetitan,admin-layout,2.4.3,,2026-08-04T10:41:17.505Z,2026-08-04T10:47:45.550Z
npm,@servicetitan,line-item-editor,1.5.1,,2026-08-04T10:41:17.468Z,2026-08-04T10:47:48.370Z
npm,@servicetitan,anvil2-ext-atlas,4.0.4,,2026-08-04T10:45:35.260Z,2026-08-04T10:48:34.522Z
npm,@servicetitan,cp-mfe,1.115.2,,2026-08-04T10:42:40.020Z,2026-08-04T10:48:01.728Z
npm,@servicetitan,anvil2-ext-atlas,4.0.2,,2026-08-04T10:41:17.710Z,2026-08-04T10:48:40.760Z
npm,@servicetitan,temporal-lite,3.4.3,,2026-08-04T10:45:34.459Z,2026-08-04T10:47:40.900Z
npm,@servicetitan,titan-chatbot-client,2.1.5,,2026-08-04T10:45:35.010Z,2026-08-04T10:48:18.991Z
npm,@servicetitan,titan-chatbot-client,2.1.4,,2026-08-04T10:42:40.862Z,2026-08-04T10:48:18.785Z
npm,@servicetitan,temporal-lite,3.4.2,,2026-08-04T10:42:40.719Z,2026-08-04T10:47:41.584Z
npm,@servicetitan,temporal-lite,3.4.1,,2026-08-04T10:41:16.670Z,2026-08-04T10:47:41.513Z
npm,@servicetitan,titan-chatbot-client,2.1.3,,2026-08-04T10:41:17.561Z,2026-08-04T10:48:18.932Z
npm,@servicetitan,cp-mfe,1.115.1,,2026-08-04T10:41:17.477Z,2026-08-04T10:48:01.448Z
npm,@servicetitan,onboarding-ui,18.5.3,,2026-08-04T10:45:34.762Z,2026-08-04T10:47:55.014Z
npm,@servicetitan,onboarding-ui,18.5.2,,2026-08-04T10:42:41.226Z,2026-08-04T10:47:50.093Z
npm,@servicetitan,tanstack-query-mobx,6.2.1,,2026-08-04T10:41:17.565Z,2026-08-04T10:47:54.264Z
npm,@servicetitan,onboarding-ui,18.5.1,,2026-08-04T10:41:18.001Z,2026-08-04T10:47:44.331Z
npm,@servicetitan,marketing-direct-mail-components,20.1.1,,2026-08-04T10:41:17.791Z,2026-08-04T10:48:10.823Z
npm,@servicetitan,cp-mfe,1.115.3,,2026-08-04T10:45:33.490Z,2026-08-04T10:48:00.844Z
npm,@servicetitan,cp-react-hooks,1.115.2,,2026-08-04T10:42:40.993Z,2026-08-04T10:48:00.708Z
npm,@servicetitan,cp-react-hooks,1.115.3,,2026-08-04T10:45:33.982Z,2026-08-04T10:47:46.172Z
npm,@servicetitan,tanstack-query-mobx,6.2.3,,2026-08-04T10:45:34.988Z,2026-08-04T10:48:00.723Z
npm,@servicetitan,tanstack-query-mobx,6.2.2,,2026-08-04T10:42:40.856Z,2026-08-04T10:47:51.200Z
npm,@servicetitan,cp-react-hooks,1.115.1,,2026-08-04T10:41:16.823Z,2026-08-04T10:47:57.097Z
npm,@servicetitan,skeleton,9.2.6,,2026-08-04T10:45:33.656Z,2026-08-04T10:47:49.158Z
npm,@servicetitan,forge,0.5.1,,2026-08-04T10:41:17.518Z,2026-08-04T10:49:20.259Z
npm,@servicetitan,forge,0.5.2,,2026-08-04T10:42:41.144Z,2026-08-04T10:49:30.914Z
npm,@servicetitan,forge,0.5.3,,2026-08-04T10:45:35.101Z,2026-08-04T10:49:20.251Z
npm,@servicetitan,line-item-editor,1.5.2,,2026-08-04T10:42:40.771Z,2026-08-04T10:47:53.390Z
npm,@servicetitan,marketing-direct-mail-components,20.1.2,,2026-08-04T10:42:41.154Z,2026-08-04T10:48:15.746Z
npm,@servicetitan,marketing-direct-mail-components,20.1.3,,2026-08-04T10:45:35.235Z,2026-08-04T10:48:12.065Z
npm,@servicetitan,line-item-editor,1.5.3,,2026-08-04T10:45:34.280Z,2026-08-04T10:47:52.844Z
npm,@servicetitan,anvil-icon,0.5.2,,2026-08-04T10:42:40.589Z,2026-08-04T10:48:00.773Z
npm,@servicetitan,assist-ui,2.1.2,,2026-08-04T10:42:41.420Z,2026-08-04T10:47:54.681Z
npm,@servicetitan,assist-ui,2.1.3,,2026-08-04T10:45:34.870Z,2026-08-04T10:47:52.666Z
npm,@servicetitan,microfront-utils,1.4.3,,2026-08-04T10:45:33.791Z,2026-08-04T10:48:17.906Z
npm,@servicetitan,anvil-icon,0.5.1,,2026-08-04T10:41:17.933Z,2026-08-04T10:47:53.821Z
npm,@servicetitan,microfront-utils,1.4.2,,2026-08-04T10:42:40.056Z,2026-08-04T10:48:09.240Z
npm,@servicetitan,marketing-widgets,1.0.1,,2026-08-04T10:41:17.132Z,2026-08-04T10:48:20.195Z
npm,@servicetitan,microfront-utils,1.4.1,,2026-08-04T10:41:17.196Z,2026-08-04T10:48:12.604Z
npm,@servicetitan,marketing-integration-widgets,1.0.42,,2026-08-04T10:45:34.476Z,2026-08-04T10:49:09.276Z
npm,@servicetitan,marketing-integration-widgets,1.0.41,,2026-08-04T10:42:40.905Z,2026-08-04T10:49:09.384Z
npm,@servicetitan,skeleton,9.2.5,,2026-08-04T10:42:40.186Z,2026-08-04T10:47:43.732Z
npm,@servicetitan,marketing-integration-widgets,1.0.40,,2026-08-04T10:41:17.780Z,2026-08-04T10:49:09.930Z
npm,@servicetitan,marketing-widgets,1.0.3,,2026-08-04T10:45:35.016Z,2026-08-04T10:48:24.521Z
npm,@servicetitan,skeleton,9.2.4,,2026-08-04T10:41:17.196Z,2026-08-04T10:47:52.853Z
npm,@servicetitan,marketing-widgets,1.0.2,,2026-08-04T10:42:40.832Z,2026-08-04T10:48:15.415Z
npm,@servicetitan,time-zones,3.8.3,,2026-08-04T10:45:34.090Z,2026-08-04T10:47:52.548Z
npm,@servicetitan,titan-chatbot-ui-cypress,9.0.1,,2026-08-04T10:41:17.393Z,2026-08-04T10:47:52.807Z
npm,@servicetitan,titan-chat-ui-anvil2,9.0.2,,2026-08-04T10:42:40.800Z,2026-08-04T10:48:02.226Z
npm,@servicetitan,microfront-tests,0.0.13,,2026-08-04T10:45:33.673Z,2026-08-04T10:47:47.062Z
npm,@servicetitan,microfront-tests,0.0.12,,2026-08-04T10:42:40.104Z,2026-08-04T10:47:48.452Z
npm,@servicetitan,titan-chat-ui-anvil2,9.0.3,,2026-08-04T10:45:34.557Z,2026-08-04T10:48:02.201Z
npm,@servicetitan,microfront-tests,0.0.11,,2026-08-04T10:41:17.243Z,2026-08-04T10:47:50.737Z
npm,@servicetitan,titan-chat-ui-anvil2,9.0.1,,2026-08-04T10:41:18.097Z,2026-08-04T10:48:01.551Z
npm,@servicetitan,modularpayments-webfields,1.0.53,,2026-08-04T10:41:17.404Z,2026-08-04T10:47:42.001Z
npm,@servicetitan,modularpayments-webfields,1.0.55,,2026-08-04T10:45:33.441Z,2026-08-04T10:47:42.869Z
npm,@servicetitan,modularpayments-webfields,1.0.54,,2026-08-04T10:42:40.415Z,2026-08-04T10:47:40.415Z
npm,@servicetitan,titan-chatbot-ui-anvil2,9.0.3,,2026-08-04T10:45:34.987Z,2026-08-04T10:47:59.578Z
npm,@servicetitan,titan-chatbot-ui-cypress,9.0.2,,2026-08-04T10:42:39.793Z,2026-08-04T10:47:52.540Z
npm,@servicetitan,titan-chatbot-ui-anvil2,9.0.2,,2026-08-04T10:42:40.805Z,2026-08-04T10:47:58.968Z
npm,@servicetitan,anvil2,3.9.3,,2026-08-04T10:45:35.087Z,2026-08-04T10:48:00.692Z
npm,@servicetitan,titan-chatbot-ui-anvil2,9.0.1,,2026-08-04T10:41:17.698Z,2026-08-04T10:48:03.346Z
npm,@servicetitan,dte-pdf-editor,1.76.2,,2026-08-04T10:42:40.731Z,2026-08-04T10:47:54.421Z
npm,@servicetitan,titan-chatbot-ui-cypress,9.0.3,,2026-08-04T10:45:33.881Z,2026-08-04T10:47:52.262Z
npm,@servicetitan,dte-pdf-editor,1.76.3,,2026-08-04T10:45:34.434Z,2026-08-04T10:47:53.792Z
npm,@servicetitan,docs-uikit,38.1.1,,2026-08-04T10:41:17.303Z,2026-08-04T10:47:42.804Z
npm,@servicetitan,anvil-icon,0.5.3,,2026-08-04T10:45:34.068Z,2026-08-04T10:47:57.622Z
npm,@servicetitan,marketing-email-components,20.2.5,,2026-08-04T10:45:35.394Z,2026-08-04T10:48:24.591Z
npm,@servicetitan,marketing-email-components,20.2.3,,2026-08-04T10:41:17.470Z,2026-08-04T10:48:24.859Z
npm,@servicetitan,dte-pdf-editor,1.76.1,,2026-08-04T10:41:17.064Z,2026-08-04T10:47:50.914Z
npm,@servicetitan,marketing-email-components,20.2.4,,2026-08-04T10:42:40.854Z,2026-08-04T10:48:24.484Z
npm,@servicetitan,carto-react-kit,0.8.4,,2026-08-04T10:41:18.344Z,2026-08-04T10:47:47.673Z
npm,@servicetitan,intl,7.2.1,,2026-08-04T10:41:17.571Z,2026-08-04T10:47:47.620Z
npm,@servicetitan,intl,7.2.3,,2026-08-04T10:45:34.591Z,2026-08-04T10:47:48.127Z
npm,@servicetitan,docs-uikit,38.1.3,,2026-08-04T10:45:34.186Z,2026-08-04T10:47:51.546Z
npm,@servicetitan,carto-react-kit,0.8.6,,2026-08-04T10:45:34.841Z,2026-08-04T10:47:51.300Z
npm,@servicetitan,intl,7.2.2,,2026-08-04T10:42:41.014Z,2026-08-04T10:47:47.306Z
npm,@servicetitan,docs-uikit,38.1.2,,2026-08-04T10:42:40.776Z,2026-08-04T10:47:44.045Z
npm,@servicetitan,carto-react-kit,0.8.5,,2026-08-04T10:42:41.376Z,2026-08-04T10:47:54.440Z
npm,@servicetitan,time-zones,3.8.2,,2026-08-04T10:42:40.608Z,2026-08-04T10:47:52.387Z
npm,@servicetitan,carto-rn-kit,0.0.12,,2026-08-04T10:45:34.679Z,2026-08-04T10:47:53.416Z
npm,@servicetitan,time-zones,3.8.1,,2026-08-04T10:41:16.636Z,2026-08-04T10:47:55.950Z
npm,@servicetitan,carto-rn-kit,0.0.11,,2026-08-04T10:42:40.710Z,2026-08-04T10:47:57.997Z
npm,@servicetitan,titan-chatbot-ui,7.1.5,,2026-08-04T10:45:34.543Z,2026-08-04T10:47:58.175Z
npm,@servicetitan,titan-chatbot-ui,7.1.4,,2026-08-04T10:42:40.991Z,2026-08-04T10:48:12.814Z
npm,@servicetitan,titan-chatbot-ui,7.1.3,,2026-08-04T10:41:17.648Z,2026-08-04T10:47:58.125Z
npm,@servicetitan,standalone-root,1.11.5,,2026-08-04T10:45:34.077Z,2026-08-04T10:48:10.564Z
npm,@servicetitan,standalone-root,1.11.4,,2026-08-04T10:42:40.743Z,2026-08-04T10:48:10.350Z
npm,@servicetitan,carto-rn-kit,0.0.10,,2026-08-04T10:41:17.590Z,2026-08-04T10:47:57.119Z
npm,@servicetitan,grid,0.0.65,,2026-08-04T10:45:35.201Z,2026-08-04T10:48:33.908Z
npm,@servicetitan,titan-chat-ui,7.1.4,,2026-08-04T10:42:41.266Z,2026-08-04T10:48:11.914Z
npm,@servicetitan,titan-chatbot-api,9.0.3,,2026-08-04T10:45:34.661Z,2026-08-04T10:48:23.266Z
npm,@servicetitan,standalone-root,1.11.3,,2026-08-04T10:41:16.894Z,2026-08-04T10:48:10.837Z
npm,@servicetitan,feature-spotlight,3.9.2,,2026-08-04T10:42:39.983Z,2026-08-04T10:47:54.265Z
npm,@servicetitan,unit-tests,0.0.4,,2026-08-04T10:45:33.495Z,2026-08-04T10:47:52.983Z
npm,@servicetitan,anvil-react,0.11.3,,2026-08-04T10:41:18.051Z,2026-08-04T10:49:01.588Z
npm,@servicetitan,anvil-react,0.11.5,,2026-08-04T10:45:34.821Z,2026-08-04T10:49:10.812Z
npm,@servicetitan,anvil-react,0.11.4,,2026-08-04T10:42:41.232Z,2026-08-04T10:49:00.535Z
npm,@servicetitan,titan-chatbot-api,9.0.1,,2026-08-04T10:41:18.112Z,2026-08-04T10:48:26.133Z
npm,@servicetitan,grid,0.0.63,,2026-08-04T10:41:17.648Z,2026-08-04T10:48:37.857Z
npm,,editable-contracts,0.0.12,,2026-08-04T10:41:17.198Z,2026-08-04T10:47:53.940Z
npm,@servicetitan,feature-spotlight,3.9.3,,2026-08-04T10:45:33.812Z,2026-08-04T10:47:55.784Z
npm,,editable-contracts,0.0.13,,2026-08-04T10:42:39.942Z,2026-08-04T10:47:51.461Z
npm,@servicetitan,unit-tests,0.0.2,,2026-08-04T10:41:16.856Z,2026-08-04T10:47:51.264Z
npm,@servicetitan,unit-tests,0.0.3,,2026-08-04T10:42:40.402Z,2026-08-04T10:47:50.658Z
npm,@servicetitan,grid,0.0.64,,2026-08-04T10:42:41.107Z,2026-08-04T10:48:44.501Z
npm,@servicetitan,install,38.1.1,,2026-08-04T10:41:16.921Z,2026-08-04T10:47:50.026Z
npm,@servicetitan,titan-chat-ui,7.1.3,,2026-08-04T10:41:17.525Z,2026-08-04T10:48:03.070Z
npm,@servicetitan,feature-spotlight,3.9.1,,2026-08-04T10:41:17.823Z,2026-08-04T10:47:51.609Z
npm,@servicetitan,standalone-core-feature-gates,1.11.6,,2026-08-04T10:45:34.282Z,2026-08-04T10:47:55.393Z
npm,@servicetitan,titan-chat-ui,7.1.5,,2026-08-04T10:45:35.083Z,2026-08-04T10:48:18.692Z
npm,@servicetitan,standalone-core-feature-gates,1.11.5,,2026-08-04T10:42:40.734Z,2026-08-04T10:47:53.863Z
npm,@servicetitan,standalone-core-feature-gates,1.11.4,,2026-08-04T10:41:17.014Z,2026-08-04T10:47:50.317Z
npm,@servicetitan,titan-chatbot-api,9.0.2,,2026-08-04T10:42:41.415Z,2026-08-04T10:48:23.679Z
npm,@servicetitan,install,38.1.2,,2026-08-04T10:42:40.767Z,2026-08-04T10:47:51.402Z
npm,@servicetitan,install,38.1.3,,2026-08-04T10:45:34.389Z,2026-08-04T10:47:54.116Z
npm,,editable-contracts,0.0.14,,2026-08-04T10:45:33.836Z,2026-08-04T10:47:51.454Z
npm,@servicetitan,examples,1.2.6,,2026-08-04T10:42:41.154Z,2026-08-04T10:48:51.200Z
npm,@servicetitan,microfront-auth,0.0.6,,2026-08-04T10:42:40.280Z,2026-08-04T10:48:23.831Z
npm,@servicetitan,anvil2-codemods,0.11.3,,2026-08-04T10:42:41.077Z,2026-08-04T10:48:18.409Z
npm,@servicetitan,examples,1.2.7,,2026-08-04T10:45:34.498Z,2026-08-04T10:48:50.888Z
npm,@servicetitan,examples,1.2.5,,2026-08-04T10:41:17.360Z,2026-08-04T10:48:51.057Z
npm,@servicetitan,hammer-icon,1.2.1,,2026-08-04T10:41:18.027Z,2026-08-04T10:48:04.796Z
npm,@servicetitan,carto-charts-rn,0.0.3,,2026-08-04T10:42:39.858Z,2026-08-04T10:47:53.424Z
npm,@servicetitan,anvil2-codemods,0.11.4,,2026-08-04T10:45:34.835Z,2026-08-04T10:48:07.592Z
npm,@servicetitan,hammer-icon,1.2.3,,2026-08-04T10:45:34.942Z,2026-08-04T10:47:52.977Z
npm,@servicetitan,carto-charts-rn,0.0.4,,2026-08-04T10:45:34.048Z,2026-08-04T10:47:50.102Z
npm,@servicetitan,carto-charts-rn,0.0.2,,2026-08-04T10:41:17.115Z,2026-08-04T10:47:51.876Z
npm,@servicetitan,standalone-feature-flags,2.3.3,,2026-08-04T10:42:40.784Z,2026-08-04T10:48:00.739Z
npm,@servicetitan,micro-frontend,0.0.4,,2026-08-04T10:41:17.101Z,2026-08-04T10:48:44.560Z
npm,@servicetitan,micro-frontend,0.0.5,,2026-08-04T10:42:40.102Z,2026-08-04T10:48:46.549Z
npm,@servicetitan,microfront,0.0.4,,2026-08-04T10:45:33.904Z,2026-08-04T10:48:43.059Z
npm,@servicetitan,startup-mfe-compat,0.5.3,,2026-08-04T10:45:34.128Z,2026-08-04T10:47:53.023Z
npm,@servicetitan,micro-frontend,0.0.6,,2026-08-04T10:45:33.650Z,2026-08-04T10:48:41.091Z
npm,@servicetitan,microfront,0.0.3,,2026-08-04T10:42:40.135Z,2026-08-04T10:48:32.936Z
npm,,tslint-folder-schema,1.0.6,,2026-08-04T10:41:16.803Z,2026-08-04T10:48:36.991Z
npm,@servicetitan,standalone-feature-flags,2.3.2,,2026-08-04T10:41:17.262Z,2026-08-04T10:48:00.698Z
npm,,tslint-folder-schema,1.0.8,,2026-08-04T10:45:33.403Z,2026-08-04T10:48:37.028Z
npm,@servicetitan,anvil2-codemods,0.11.2,,2026-08-04T10:41:17.378Z,2026-08-04T10:48:07.738Z
npm,@servicetitan,standalone-feature-flags,2.3.4,,2026-08-04T10:45:34.072Z,2026-08-04T10:47:59.417Z
npm,@servicetitan,microfront-auth,0.0.7,,2026-08-04T10:45:33.779Z,2026-08-04T10:48:23.726Z
npm,,folder-lint,1.0.8,,2026-08-04T10:45:33.473Z,2026-08-04T10:47:52.151Z
npm,,folder-lint,1.0.7,,2026-08-04T10:42:40.167Z,2026-08-04T10:47:53.049Z
npm,@servicetitan,startup-mfe-compat,0.5.1,,2026-08-04T10:41:16.610Z,2026-08-04T10:47:50.378Z
npm,,tslint-folder-schema,1.0.7,,2026-08-04T10:42:40.350Z,2026-08-04T10:48:38.860Z
npm,@servicetitan,microfront-auth,0.0.5,,2026-08-04T10:41:16.889Z,2026-08-04T10:48:22.959Z
npm,@servicetitan,microfront,0.0.2,,2026-08-04T10:41:16.894Z,2026-08-04T10:48:40.856Z
npm,,folder-lint,1.0.6,,2026-08-04T10:41:16.888Z,2026-08-04T10:47:52.824Z
npm,@servicetitan,startup-mfe-compat,0.5.2,,2026-08-04T10:42:40.798Z,2026-08-04T10:47:49.578Z
npm,@servicetitan,hammer-icon,1.2.2,,2026-08-04T10:42:40.646Z,2026-08-04T10:47:53.291Z
npm,@servicetitan,dte-unlayer,0.150.3,,2026-08-04T10:45:34.250Z,2026-08-04T10:48:36.047Z
npm,@servicetitan,measure-sheet-data,2.6.3,,2026-08-04T10:45:34.055Z,2026-08-04T10:48:33.590Z
npm,@servicetitan,marketing-global-route,1.14.3,,2026-08-04T10:45:34.395Z,2026-08-04T10:48:30.875Z
npm,@ornikar,jest-config-react-native,17.0.6,,2026-08-04T10:44:17.067Z,2026-08-04T10:49:45.521Z
npm,@ornikar,eslint-config-typescript,24.0.4,,2026-08-04T10:44:17.243Z,2026-08-04T10:49:41.661Z
npm,@ornikar,eslint-config-typescript-nestjs,24.0.3,,2026-08-04T10:44:00.098Z,2026-08-04T10:49:35.296Z
npm,@ornikar,eslint-plugin-ornikar,24.0.4,,2026-08-04T10:44:00.124Z,2026-08-04T10:49:36.429Z
npm,@ornikar,eslint-plugin-ornikar,24.0.5,,2026-08-04T10:44:16.953Z,2026-08-04T10:49:39.738Z
npm,@ornikar,rollup-plugin-postcss,2.0.8,,2026-08-04T10:43:59.828Z,2026-08-04T10:49:36.553Z
npm,@ornikar,rollup-plugin-postcss,2.0.9,,2026-08-04T10:44:18.125Z,2026-08-04T10:49:38.519Z
npm,@ornikar,eslint-config-typescript,24.0.3,,2026-08-04T10:44:00.481Z,2026-08-04T10:49:40.309Z
npm,@ornikar,babel-preset-react,6.1.7,,2026-08-04T10:43:59.848Z,2026-08-04T10:49:39.150Z
npm,@ornikar,storybook-config,12.1.4,,2026-08-04T10:44:00.333Z,2026-08-04T10:49:39.316Z
npm,@ornikar,eslint-config-formatjs,24.0.4,,2026-08-04T10:44:17.431Z,2026-08-04T10:49:41.088Z
npm,@ornikar,storybook-config,12.1.5,,2026-08-04T10:44:17.163Z,2026-08-04T10:49:42.444Z
npm,@ornikar,babel-preset-react,6.1.8,,2026-08-04T10:44:17.143Z,2026-08-04T10:49:50.073Z
npm,@ornikar,jest-config-react-native,17.0.5,,2026-08-04T10:44:00.188Z,2026-08-04T10:49:38.930Z
npm,@ornikar,eslint-config-node,12.2.3,,2026-08-04T10:43:59.946Z,2026-08-04T10:49:38.657Z
npm,@ornikar,eslint-config-formatjs,24.0.3,,2026-08-04T10:43:59.968Z,2026-08-04T10:49:36.901Z
npm,@ornikar,eslint-config-node,12.2.4,,2026-08-04T10:44:17.394Z,2026-08-04T10:49:37.207Z
npm,,pob-test-typescript-package-in-monorepo,4.2.6,,2026-08-04T10:44:33.241Z,2026-08-04T10:49:38.262Z
npm,,pob-test-typescript-package-in-monorepo,4.2.5,,2026-08-04T10:44:16.899Z,2026-08-04T10:49:46.805Z
npm,,pob-test-typescript-package-in-monorepo,4.2.4,,2026-08-04T10:44:00.133Z,2026-08-04T10:49:42.946Z
npm,@ornikar,eslint-config-typescript-nestjs,24.0.4,,2026-08-04T10:44:17.051Z,2026-08-04T10:49:41.871Z
npm,@ornikar,webpack-config,12.0.6,,2026-08-04T10:44:33.022Z,2026-08-04T10:49:58.952Z
npm,@ornikar,webpack-config,12.0.4,,2026-08-04T10:43:59.915Z,2026-08-04T10:49:36.511Z
npm,@ornikar,webpack-config,12.0.5,,2026-08-04T10:44:17.268Z,2026-08-04T10:49:37.293Z
npm,@ornikar,babel-preset-base,6.0.7,,2026-08-04T10:44:16.836Z,2026-08-04T10:49:42.529Z
npm,@ornikar,graphql-config,1.1.5,,2026-08-04T10:44:16.997Z,2026-08-04T10:49:47.028Z
npm,@ornikar,prismic-components,0.0.6,,2026-08-04T10:44:33.123Z,2026-08-04T10:49:43.714Z
npm,@ornikar,prismic-components,0.0.5,,2026-08-04T10:43:59.895Z,2026-08-04T10:49:40.247Z
npm,@ornikar,eslint-config-typescript-nestjs,24.0.5,,2026-08-04T10:44:33.194Z,2026-08-04T10:49:49.595Z
npm,@ornikar,babel-preset-base,6.0.6,,2026-08-04T10:44:00.028Z,2026-08-04T10:49:42.548Z
npm,@ornikar,typed-css-modules-loader,0.8.5,,2026-08-04T10:44:17.046Z,2026-08-04T10:49:53.256Z
npm,@ornikar,graphql-config,1.1.4,,2026-08-04T10:44:00.139Z,2026-08-04T10:49:52.807Z
npm,@ornikar,typed-css-modules-loader,0.8.4,,2026-08-04T10:43:59.928Z,2026-08-04T10:49:52.397Z
npm,@ornikar,babel-preset-base,6.0.8,,2026-08-04T10:44:33.173Z,2026-08-04T10:49:46.935Z
npm,@ornikar,typed-css-modules-loader,0.8.6,,2026-08-04T10:44:33.131Z,2026-08-04T10:50:10.602Z
npm,,frontend-orb,4.4.4,,2026-08-04T10:44:00.267Z,2026-08-04T10:49:43.628Z
npm,,frontend-orb,4.4.6,,2026-08-04T10:44:33.139Z,2026-08-04T10:49:43.742Z
npm,,frontend-orb,4.4.5,,2026-08-04T10:44:16.925Z,2026-08-04T10:49:47.260Z
npm,@onereach,types-contacts-api,9.0.9,,2026-08-04T10:45:29.750Z,2026-08-04T10:51:05.713Z
npm,@onereach,billing-dto,27.2.2,,2026-08-04T10:45:29.805Z,2026-08-04T10:50:45.820Z
npm,,example-js-project,1.0.4,,2026-08-04T10:47:49.679Z,2026-08-04T10:50:52.326Z
npm,@onereach,si-header,0.4.12,,2026-08-04T10:45:29.698Z,2026-08-04T10:50:50.290Z
npm,@onereach,regex-helper,0.5.17,,2026-08-04T10:45:29.839Z,2026-08-04T10:50:49.649Z
npm,@or-sdk,invitations,1.4.9,,2026-08-04T10:45:29.685Z,2026-08-04T10:50:45.399Z
npm,@onereach,font-icons,27.0.3,,2026-08-04T10:45:29.434Z,2026-08-04T10:50:47.505Z
npm,@onereach,step-conversation,1.0.42,,2026-08-04T10:45:29.688Z,2026-08-04T10:51:00.911Z
npm,@onereach,si-textinput,0.5.6,,2026-08-04T10:45:29.913Z,2026-08-04T10:50:54.043Z
npm,@onereach,bandwidth-steps-voice-bxml,0.1.2,,2026-08-04T10:45:29.649Z,2026-08-04T10:50:53.125Z
npm,@or-sdk,ccp,10.15.5,,2026-08-04T10:45:29.909Z,2026-08-04T10:50:54.685Z
npm,@onereach,or-pro,1.13.2,,2026-08-04T10:45:29.887Z,2026-08-04T10:51:03.389Z
npm,@onereach,step-components,0.1.38,,2026-08-04T10:45:29.731Z,2026-08-04T10:50:49.366Z
npm,@or-sdk,accounts,2.3.6,,2026-08-04T10:45:29.592Z,2026-08-04T10:50:47.936Z
npm,@onereach,or-file-uploader-next,0.0.9,,2026-08-04T10:45:29.629Z,2026-08-04T10:50:52.209Z
npm,@onereach,postcss-scoped-selector,1.2.2,,2026-08-04T10:45:29.777Z,2026-08-04T10:50:47.302Z
npm,@onereach,slack-helpers,1.0.4,,2026-08-04T10:45:29.952Z,2026-08-04T10:50:49.109Z
npm,,conv-context-next,1.0.2,,2026-08-04T10:45:29.615Z,2026-08-04T10:50:59.919Z
npm,,conv-context-next,1.0.3,,2026-08-04T10:47:49.699Z,2026-08-04T10:50:55.406Z
npm,@or-sdk,discovery,1.12.2,,2026-08-04T10:45:29.860Z,2026-08-04T10:50:48.102Z
npm,@onereach,pnpm-audit-junit,1.0.4,,2026-08-04T10:45:29.710Z,2026-08-04T10:50:55.607Z
npm,@or-sdk,password,1.3.7,,2026-08-04T10:45:29.797Z,2026-08-04T10:51:00.550Z
npm,@or-sdk,keys,1.2.7,,2026-08-04T10:45:29.733Z,2026-08-04T10:50:49.039Z
npm,@or-sdk,bot-templates,2.2.6,,2026-08-04T10:45:29.866Z,2026-08-04T10:51:22.605Z
npm,@or-sdk,flow-templates,2.1.6,,2026-08-04T10:45:29.889Z,2026-08-04T10:50:48.133Z
npm,@or-sdk,providers,0.3.7,,2026-08-04T10:45:29.808Z,2026-08-04T10:50:48.143Z
npm,@onereach,si-alert,0.4.12,,2026-08-04T10:45:29.789Z,2026-08-04T10:50:49.472Z
npm,,example-js-project,1.0.3,,2026-08-04T10:45:29.490Z,2026-08-04T10:50:59.439Z
npm,@onereach,get-version-data,3.1.3,,2026-08-04T10:45:29.820Z,2026-08-04T10:50:52.611Z
npm,@or-sdk,files-sync-node,0.1.9,,2026-08-04T10:45:29.793Z,2026-08-04T10:50:51.232Z
npm,@onereach,orest-jest-presets,0.0.4,,2026-08-04T10:45:30.049Z,2026-08-04T10:50:56.110Z
npm,@onereach,orest-vue-demi-vue2,0.0.5,,2026-08-04T10:45:29.386Z,2026-08-04T10:50:54.958Z
npm,@or-sdk,source-api,1.1.2,,2026-08-04T10:45:29.861Z,2026-08-04T10:50:51.823Z
npm,@onereach,authorizer-helper,0.0.12,,2026-08-04T10:45:29.771Z,2026-08-04T10:51:13.251Z
npm,@onereach,or-content-builder-renderer,0.0.3,,2026-08-04T10:45:29.843Z,2026-08-04T10:50:59.066Z
npm,@onereach,cb-schema-translator,1.3.2,,2026-08-04T10:45:29.458Z,2026-08-04T10:50:54.688Z
npm,@ornikar,intl-config,10.0.4,,2026-08-04T10:44:00.101Z,2026-08-04T10:50:52.705Z
npm,@onereach,ts-memoize,1.0.3,,2026-08-04T10:45:29.524Z,2026-08-04T10:51:05.199Z
npm,@or-sdk,api-tokens,1.4.3,,2026-08-04T10:45:29.934Z,2026-08-04T10:50:51.525Z
npm,@ornikar,lerna-config,11.0.5,,2026-08-04T10:44:33.282Z,2026-08-04T10:50:53.335Z
npm,@ornikar,intl-config,10.0.6,,2026-08-04T10:44:33.588Z,2026-08-04T10:51:01.071Z
npm,@ornikar,intl-config,10.0.5,,2026-08-04T10:44:16.793Z,2026-08-04T10:50:52.689Z
npm,@ornikar,lerna-config,11.0.3,,2026-08-04T10:44:00.268Z,2026-08-04T10:50:55.638Z
npm,@ornikar,lerna-config,11.0.4,,2026-08-04T10:44:16.983Z,2026-08-04T10:50:52.842Z
npm,@or-sdk,step-templates,2.2.6,,2026-08-04T10:45:29.814Z,2026-08-04T10:51:08.666Z
npm,@or-sdk,sdk-api,0.29.3,,2026-08-04T10:45:29.768Z,2026-08-04T10:50:54.823Z
npm,@or-sdk,library,0.5.7,,2026-08-04T10:45:29.833Z,2026-08-04T10:50:56.240Z
npm,@ornikar,repo-config-react,13.0.11,,2026-08-04T10:43:59.921Z,2026-08-04T10:50:58.420Z
npm,@ornikar,repo-config-react,13.0.13,,2026-08-04T10:44:33.449Z,2026-08-04T10:50:57.242Z
npm,@ornikar,repo-config-react,13.0.12,,2026-08-04T10:44:17.412Z,2026-08-04T10:50:58.943Z
npm,@ornikar,monorepo-config,14.3.7,,2026-08-04T10:44:33.468Z,2026-08-04T10:50:56.888Z
npm,@ornikar,rollup-config,11.1.5,,2026-08-04T10:43:59.997Z,2026-08-04T10:51:00.697Z
npm,@or-sdk,permissions,2.8.2,,2026-08-04T10:45:29.791Z,2026-08-04T10:50:58.966Z
npm,@ornikar,browserslist-config,8.0.6,,2026-08-04T10:44:16.949Z,2026-08-04T10:50:56.641Z
npm,,pob-test-package-in-monorepo,5.2.5,,2026-08-04T10:44:33.381Z,2026-08-04T10:51:11.318Z
npm,@ornikar,rollup-config,11.1.6,,2026-08-04T10:44:17.084Z,2026-08-04T10:50:59.214Z
npm,@ornikar,rollup-config,11.1.7,,2026-08-04T10:44:33.333Z,2026-08-04T10:50:57.104Z
npm,@onereach,si-a-button,0.0.4,,2026-08-04T10:45:29.950Z,2026-08-04T10:51:03.775Z
npm,@ornikar,monorepo-config,14.3.6,,2026-08-04T10:44:17.051Z,2026-08-04T10:50:57.373Z
npm,@ornikar,monorepo-config,14.3.5,,2026-08-04T10:44:00.134Z,2026-08-04T10:50:57.828Z
npm,,pob-test-package-in-monorepo,5.2.4,,2026-08-04T10:44:00.399Z,2026-08-04T10:51:04.135Z
npm,,babel-plugin-linaria-css-to-undefined,0.3.4,,2026-08-04T10:44:16.680Z,2026-08-04T10:50:57.073Z
npm,@ornikar,browserslist-config,8.0.5,,2026-08-04T10:44:00.033Z,2026-08-04T10:50:55.597Z
npm,,babel-plugin-linaria-css-to-undefined,0.3.3,,2026-08-04T10:43:59.935Z,2026-08-04T10:50:56.139Z
npm,@ornikar,jest-config,13.0.7,,2026-08-04T10:44:33.307Z,2026-08-04T10:51:09.352Z
npm,,babel-plugin-linaria-css-to-undefined,0.3.5,,2026-08-04T10:44:33.458Z,2026-08-04T10:51:01.857Z
npm,@ornikar,browserslist-config,8.0.7,,2026-08-04T10:44:33.315Z,2026-08-04T10:51:14.966Z
npm,@ornikar,jest-config,13.0.6,,2026-08-04T10:44:00.458Z,2026-08-04T10:50:58.894Z
npm,@ornikar,eslint-config-typescript-react,24.0.4,,2026-08-04T10:44:00.267Z,2026-08-04T10:51:03.098Z
npm,@ornikar,eslint-plugin-neverthrow,1.3.6,,2026-08-04T10:44:33.532Z,2026-08-04T10:50:58.630Z
npm,@ornikar,prettier-config,9.0.6,,2026-08-04T10:44:00.542Z,2026-08-04T10:51:03.756Z
npm,@ornikar,react-native-svg-transformer,1.0.8,,2026-08-04T10:44:00.419Z,2026-08-04T10:51:02.053Z
npm,@ornikar,prettier-config,9.0.7,,2026-08-04T10:44:33.521Z,2026-08-04T10:51:00.035Z
npm,@ornikar,eslint-plugin-neverthrow,1.3.5,,2026-08-04T10:44:17.163Z,2026-08-04T10:51:08.149Z
npm,@ornikar,react-native-svg-transformer,1.0.9,,2026-08-04T10:44:33.190Z,2026-08-04T10:51:00.611Z
npm,@ornikar,eslint-plugin-neverthrow,1.3.4,,2026-08-04T10:44:00.151Z,2026-08-04T10:50:58.075Z
npm,@ornikar,stylelint-config,14.0.5,,2026-08-04T10:44:00.147Z,2026-08-04T10:51:10.689Z
npm,@ornikar,react-modern-calendar-datepicker,3.2.3,,2026-08-04T10:44:00.004Z,2026-08-04T10:51:02.278Z
npm,,native-frontend-orb,1.1.8,,2026-08-04T10:44:33.425Z,2026-08-04T10:51:00.092Z
npm,,native-frontend-orb,1.1.7,,2026-08-04T10:44:00.080Z,2026-08-04T10:51:05.030Z
npm,@ornikar,stylelint-config,14.0.6,,2026-08-04T10:44:17.091Z,2026-08-04T10:51:06.271Z
npm,@ornikar,react-modern-calendar-datepicker,3.2.4,,2026-08-04T10:44:17.038Z,2026-08-04T10:51:09.343Z
npm,@ornikar,react-modern-calendar-datepicker,3.2.5,,2026-08-04T10:44:33.396Z,2026-08-04T10:51:04.248Z
npm,@ornikar,stylelint-config,14.0.7,,2026-08-04T10:44:33.295Z,2026-08-04T10:51:06.118Z
npm,,eslint-plugin-folder-schema,1.0.9,,2026-08-04T10:49:49.500Z,2026-08-04T10:51:10.219Z
npm,,verdaccio-tarball-local-storage,38.1.4,,2026-08-04T10:49:49.687Z,2026-08-04T10:51:02.404Z
npm,,tslint-folder-schema,1.0.9,,2026-08-04T10:49:49.486Z,2026-08-04T10:51:03.042Z
npm,@onereach,or-sdk-agent-cli,0.0.7,,2026-08-04T10:45:31.603Z,2026-08-04T10:51:03.735Z
npm,@onereach,regular-expressions,0.5.24,,2026-08-04T10:45:31.195Z,2026-08-04T10:51:01.690Z
npm,,folder-lint,1.0.9,,2026-08-04T10:49:49.746Z,2026-08-04T10:51:02.203Z
npm,,verdaccio-okta-oauth,38.1.4,,2026-08-04T10:49:49.963Z,2026-08-04T10:51:07.234Z
npm,@onereach,content-builder-template-compiler,0.0.4,,2026-08-04T10:45:29.995Z,2026-08-04T10:51:10.860Z
npm,@or-sdk,permissions-cli,1.4.2,,2026-08-04T10:45:30.043Z,2026-08-04T10:51:02.740Z
npm,@onereach,si-checkbox,0.6.6,,2026-08-04T10:45:29.786Z,2026-08-04T10:51:25.553Z
npm,@or-sdk,card-templates,2.2.6,,2026-08-04T10:45:31.638Z,2026-08-04T10:51:31.276Z
npm,@onereach,regular-expressions-test,0.0.5,,2026-08-04T10:45:32.051Z,2026-08-04T10:51:17.634Z
npm,@or-sdk,payments,3.2.6,,2026-08-04T10:45:30.866Z,2026-08-04T10:51:07.209Z
npm,@or-sdk,sku-builder,2.5.2,,2026-08-04T10:45:30.181Z,2026-08-04T10:51:06.441Z
npm,@or-sdk,settings,0.25.7,,2026-08-04T10:45:30.766Z,2026-08-04T10:51:47.736Z
npm,@or-sdk,api-tokens-lambda,1.4.3,,2026-08-04T10:45:30.500Z,2026-08-04T10:51:08.347Z
npm,@onereach,si-text-message,0.4.6,,2026-08-04T10:45:30.340Z,2026-08-04T10:51:10.069Z
npm,@onereach,si-switch,0.4.6,,2026-08-04T10:45:30.145Z,2026-08-04T10:51:03.440Z
npm,@onereach,si-code,0.6.5,,2026-08-04T10:45:31.637Z,2026-08-04T10:51:05.122Z
npm,@or-sdk,qna,3.4.3,,2026-08-04T10:45:31.192Z,2026-08-04T10:51:04.930Z
npm,,editable-contracts,0.0.15,,2026-08-04T10:49:49.931Z,2026-08-04T10:51:05.846Z
npm,,rwc-client,0.29.11,,2026-08-04T10:45:32.797Z,2026-08-04T10:51:17.142Z
npm,,rwc-client,0.29.12,,2026-08-04T10:47:52.840Z,2026-08-04T10:51:15.933Z
npm,@onereach,si-checkbox-group,0.3.6,,2026-08-04T10:45:30.391Z,2026-08-04T10:51:08.047Z
npm,@onereach,time-interpreter,1.0.31,,2026-08-04T10:45:31.815Z,2026-08-04T10:51:42.221Z
npm,@or-sdk,web-search,0.6.2,,2026-08-04T10:45:31.518Z,2026-08-04T10:51:07.810Z
npm,@or-sdk,idw-skill,1.4.2,,2026-08-04T10:45:30.725Z,2026-08-04T10:51:08.295Z
npm,@onereach,or-browser-next,0.0.12,,2026-08-04T10:45:30.161Z,2026-08-04T10:51:07.694Z
npm,@onereach,orest-vue3,0.0.5,,2026-08-04T10:45:30.122Z,2026-08-04T10:51:25.516Z
npm,@onereach,idw-sdk,0.1.3,,2026-08-04T10:45:31.207Z,2026-08-04T10:51:22.615Z
npm,,hamus.js,0.4.1,,2026-08-04T10:46:36.989Z,2026-08-04T10:51:22.742Z
npm,@nebula.js,theme,0.6.1,,2026-08-04T10:46:36.731Z,2026-08-04T10:51:30.908Z
npm,@onereach,idw-ui-components,0.1.3,,2026-08-04T10:45:30.157Z,2026-08-04T10:51:11.076Z
npm,@nebula.js,sn-animator,2.13.1,,2026-08-04T10:46:36.583Z,2026-08-04T10:51:39.558Z
npm,@qlik,eslint-config-vue,0.1.1,,2026-08-04T10:46:36.997Z,2026-08-04T10:51:18.889Z
npm,@or-sdk,idw-public,1.6.7,,2026-08-04T10:45:31.975Z,2026-08-04T10:51:08.034Z
npm,@nebula.js,sn-nav-menu,0.14.2,,2026-08-04T10:46:36.295Z,2026-08-04T10:51:40.343Z
npm,@or-sdk,tags,1.1.6,,2026-08-04T10:45:31.387Z,2026-08-04T10:51:09.109Z
npm,@nebula.js,sn-map,0.12.7,,2026-08-04T10:46:36.399Z,2026-08-04T10:51:51.315Z
npm,@onereach,webform,0.3.14,,2026-08-04T10:45:31.453Z,2026-08-04T10:51:19.655Z
npm,@onereach,idw-init-account-resources,1.0.2,,2026-08-04T10:45:30.825Z,2026-08-04T10:51:14.038Z
npm,@qlik,design-tokens,1.3.13,,2026-08-04T10:46:36.589Z,2026-08-04T10:51:14.007Z
npm,@nebula.js,locale,0.6.2,,2026-08-04T10:46:37.031Z,2026-08-04T10:51:08.244Z
npm,@or-sdk,identifiers,0.27.7,,2026-08-04T10:45:31.084Z,2026-08-04T10:51:13.049Z
npm,@onereach,si-step-chooser,0.4.5,,2026-08-04T10:45:30.843Z,2026-08-04T10:51:13.251Z
npm,@or-sdk,notifications,1.7.6,,2026-08-04T10:45:31.644Z,2026-08-04T10:51:14.550Z
npm,@nebula.js,test-utils,0.6.1,,2026-08-04T10:46:37.098Z,2026-08-04T10:51:29.246Z
npm,@or-sdk,event-manager,1.1.6,,2026-08-04T10:45:30.763Z,2026-08-04T10:51:11.937Z
npm,@onereach,channel-transformers,0.0.6,,2026-08-04T10:45:30.591Z,2026-08-04T10:51:11.748Z
npm,,sn-listbox,0.3.3,,2026-08-04T10:46:37.065Z,2026-08-04T10:51:22.611Z
npm,@onereach,ckeditor5-build-classic,30.0.2,,2026-08-04T10:45:31.246Z,2026-08-04T10:51:12.822Z
npm,@qlik,embed-web-components,1.7.3,,2026-08-04T10:46:36.803Z,2026-08-04T10:51:53.470Z
npm,@or-sdk,chat,0.3.2,,2026-08-04T10:45:30.141Z,2026-08-04T10:51:08.936Z
npm,@qlik,embed-react,2.5.3,,2026-08-04T10:46:36.028Z,2026-08-04T10:52:00.983Z
npm,@onereach,lambda-invocation,1.2.2,,2026-08-04T10:45:31.133Z,2026-08-04T10:51:08.873Z
npm,@qlik,oxfmt-config,0.1.6,,2026-08-04T10:46:37.161Z,2026-08-04T10:51:27.063Z
npm,@onereach,ssml-editor,2.0.13,,2026-08-04T10:45:30.636Z,2026-08-04T10:51:19.638Z
npm,@qlik,carboncopy,1.1.6,,2026-08-04T10:46:39.117Z,2026-08-04T10:52:17.252Z
npm,@nebula.js,sn-layout-container,4.4.1,,2026-08-04T10:46:36.729Z,2026-08-04T10:51:42.595Z
npm,@or-sdk,views,3.1.6,,2026-08-04T10:45:29.835Z,2026-08-04T10:51:25.993Z
npm,@nebula.js,cli,7.1.2,,2026-08-04T10:46:37.284Z,2026-08-04T10:51:13.995Z
npm,@onereach,step-voice,7.0.33,,2026-08-04T10:45:30.275Z,2026-08-04T10:51:22.412Z
npm,@nebula.js,sn-action-button,2.3.1,,2026-08-04T10:46:36.376Z,2026-08-04T10:52:03.779Z
npm,@nebula.js,snapshooter,0.6.1,,2026-08-04T10:46:37.213Z,2026-08-04T10:51:54.252Z
npm,@or-sdk,hitl,0.41.2,,2026-08-04T10:45:30.673Z,2026-08-04T10:51:14.960Z
npm,,picasso.js,2.11.6,,2026-08-04T10:46:38.544Z,2026-08-04T10:52:43.006Z
npm,@nebula.js,sn-distributionplot,1.0.7,,2026-08-04T10:46:39.286Z,2026-08-04T10:52:09.249Z
npm,@nebula.js,sn-org-chart,1.7.1,,2026-08-04T10:46:36.694Z,2026-08-04T10:51:48.724Z
npm,@onereach,si-datepicker,0.4.6,,2026-08-04T10:45:30.134Z,2026-08-04T10:51:20.336Z
npm,,picasso-plugin-hammer,2.11.6,,2026-08-04T10:46:36.959Z,2026-08-04T10:51:23.608Z
npm,@nebula.js,sn-shape,1.5.1,,2026-08-04T10:46:36.548Z,2026-08-04T10:51:14.362Z
npm,@or-sdk,idw,9.0.5,,2026-08-04T10:45:30.247Z,2026-08-04T10:51:31.189Z
npm,@nebula.js,sn-line-chart,2.7.1,,2026-08-04T10:46:37.297Z,2026-08-04T10:51:10.651Z
npm,@or-sdk,pgsql,1.5.2,,2026-08-04T10:45:31.110Z,2026-08-04T10:51:09.992Z
npm,@nebula.js,cli-build,7.1.2,,2026-08-04T10:46:37.237Z,2026-08-04T10:51:33.044Z
npm,@qlik,runtime-module-loader,1.5.1,,2026-08-04T10:46:37.253Z,2026-08-04T10:52:11.359Z
npm,@nebula.js,cli-sense,7.1.2,,2026-08-04T10:46:37.262Z,2026-08-04T10:51:21.139Z
npm,@or-sdk,base,0.44.5,,2026-08-04T10:45:31.166Z,2026-08-04T10:51:17.231Z
npm,@nebula.js,sn-tabbed-container,2.4.1,,2026-08-04T10:46:36.476Z,2026-08-04T10:51:41.861Z
npm,@onereach,ui-components-vue2,27.0.3,,2026-08-04T10:45:31.377Z,2026-08-04T10:51:20.998Z
npm,@qlik,oxlint-config,0.7.2,,2026-08-04T10:46:36.093Z,2026-08-04T10:51:17.203Z
npm,@qlik,eslint-config-svelte,0.1.1,,2026-08-04T10:46:36.962Z,2026-08-04T10:51:12.209Z
npm,@qlik,eslint-config,2.0.20,,2026-08-04T10:46:36.117Z,2026-08-04T10:51:11.240Z
npm,@onereach,condition-builder,1.0.9,,2026-08-04T10:45:31.282Z,2026-08-04T10:51:18.485Z
npm,@qlik,sprout-react,6.45.3,,2026-08-04T10:46:37.682Z,2026-08-04T10:53:28.593Z
npm,@qlik,sprout-react-table,0.16.7,,2026-08-04T10:46:38.888Z,2026-08-04T10:51:29.811Z
npm,@qlik,sdk,0.28.1,,2026-08-04T10:46:38.824Z,2026-08-04T10:53:03.299Z
npm,@onereach,ui-components-common,27.0.3,,2026-08-04T10:45:30.511Z,2026-08-04T10:51:24.998Z
npm,@onereach,idw-contracts,0.1.3,,2026-08-04T10:45:30.762Z,2026-08-04T10:51:12.383Z
npm,@nebula.js,sn-slider,0.20.1,,2026-08-04T10:46:36.800Z,2026-08-04T10:51:16.369Z
npm,@or-sdk,billing-internal,27.2.2,,2026-08-04T10:45:29.943Z,2026-08-04T10:51:13.344Z
npm,@onereach,si-divider,0.4.12,,2026-08-04T10:45:30.150Z,2026-08-04T10:51:20.280Z
npm,@onereach,billing-shared,27.2.2,,2026-08-04T10:45:30.763Z,2026-08-04T10:51:13.710Z
npm,,picasso-plugin-q,2.11.6,,2026-08-04T10:46:36.772Z,2026-08-04T10:51:23.358Z
npm,@nebula.js,cli-serve,7.1.2,,2026-08-04T10:46:39.018Z,2026-08-04T10:52:35.136Z
npm,@onereach,messengers-infobip-sdk,0.1.2,,2026-08-04T10:45:30.261Z,2026-08-04T10:51:23.682Z
npm,@onereach,si-collapsible-group,0.6.5,,2026-08-04T10:45:30.172Z,2026-08-04T10:51:17.912Z
npm,@onereach,content-builder,0.0.19,,2026-08-04T10:45:30.561Z,2026-08-04T10:51:16.717Z
npm,@qlik,react-native-simple-grid,1.5.5,,2026-08-04T10:46:38.651Z,2026-08-04T10:51:23.273Z
npm,@qlik,tsconfig,1.0.3,,2026-08-04T10:46:37.075Z,2026-08-04T10:51:24.022Z
npm,@nebula.js,sn-listbox,0.19.3,,2026-08-04T10:46:36.853Z,2026-08-04T10:51:18.597Z
npm,@or-sdk,auth,0.38.2,,2026-08-04T10:45:31.473Z,2026-08-04T10:51:42.196Z
npm,@nebula.js,stardust,7.1.2,,2026-08-04T10:46:39.344Z,2026-08-04T10:52:12.287Z
npm,@qlik,carbon-core,2.1.1,,2026-08-04T10:46:36.663Z,2026-08-04T10:51:22.933Z
npm,,qlik-chart-modules,1.1.1,,2026-08-04T10:46:38.505Z,2026-08-04T10:51:59.048Z
npm,@qlik,sprout-gesture,0.0.13,,2026-08-04T10:46:36.269Z,2026-08-04T10:51:13.954Z
npm,@qlik,embed-runtime,1.6.4,,2026-08-04T10:46:36.987Z,2026-08-04T10:51:24.288Z
npm,@or-sdk,permissions-lambda,2.5.2,,2026-08-04T10:45:30.407Z,2026-08-04T10:51:28.653Z
npm,@or-sdk,knowledge-models,0.25.6,,2026-08-04T10:45:31.276Z,2026-08-04T10:51:17.470Z
npm,@onereach,si-copyable-text,0.4.12,,2026-08-04T10:45:30.462Z,2026-08-04T10:51:16.015Z
npm,@qlik,embed-svelte,1.1.4,,2026-08-04T10:46:37.010Z,2026-08-04T10:51:29.266Z
npm,@qlik,api,2.14.2,,2026-08-04T10:46:39.136Z,2026-08-04T10:51:20.329Z
npm,@onereach,orest-input-cli,1.18.2,,2026-08-04T10:45:31.096Z,2026-08-04T10:51:14.489Z
npm,@onereach,si-select,0.1.4,,2026-08-04T10:45:30.450Z,2026-08-04T10:51:20.655Z
npm,@qlik,dts-bundler,2.0.3,,2026-08-04T10:46:36.904Z,2026-08-04T10:51:22.115Z
npm,@qlik,eslint-config-base,0.1.1,,2026-08-04T10:46:36.850Z,2026-08-04T10:51:22.117Z
npm,@onereach,phonenumber-interpreter,0.0.19,,2026-08-04T10:45:30.310Z,2026-08-04T10:51:15.962Z
npm,@onereach,channel-transformer,0.0.67,,2026-08-04T10:45:31.315Z,2026-08-04T10:51:18.450Z
npm,@onereach,si-validated-timestring-input,0.3.6,,2026-08-04T10:45:30.470Z,2026-08-04T10:51:20.097Z
npm,,qlik-object-conversion,0.17.2,,2026-08-04T10:46:37.342Z,2026-08-04T10:51:39.604Z
npm,@or-sdk,deployer,1.7.6,,2026-08-04T10:45:31.281Z,2026-08-04T10:51:24.662Z
npm,@or-sdk,account-settings,1.3.7,,2026-08-04T10:45:29.898Z,2026-08-04T10:51:14.184Z
npm,@qlik,eslint-config-react,0.1.1,,2026-08-04T10:46:37.109Z,2026-08-04T10:51:19.576Z
npm,@or-sdk,contacts,4.7.6,,2026-08-04T10:45:31.279Z,2026-08-04T10:51:48.174Z
npm,,qlik-modifiers,0.10.1,,2026-08-04T10:46:36.711Z,2026-08-04T10:51:44.200Z
npm,@or-sdk,adapters,0.3.7,,2026-08-04T10:45:29.968Z,2026-08-04T10:51:16.455Z
npm,@onereach,orest-cli,2.4.2,,2026-08-04T10:45:31.117Z,2026-08-04T10:51:19.979Z
npm,@or-sdk,library-types-v2,9.0.2,,2026-08-04T10:45:31.208Z,2026-08-04T10:51:17.566Z
npm,@or-sdk,users,3.8.2,,2026-08-04T10:45:30.484Z,2026-08-04T10:51:17.471Z
npm,@qlik,browserslist-config,3.0.2,,2026-08-04T10:46:36.073Z,2026-08-04T10:51:32.696Z
npm,@or-sdk,data-hub,0.26.6,,2026-08-04T10:45:31.129Z,2026-08-04T10:51:15.398Z
npm,@qlik,prettier-config,1.0.3,,2026-08-04T10:46:37.054Z,2026-08-04T10:51:37.986Z
npm,@onereach,salesforce-miaw-client,0.0.4,,2026-08-04T10:45:30.208Z,2026-08-04T10:51:22.543Z
npm,,http-metrics-middleware,2.2.2,,2026-08-04T10:46:36.883Z,2026-08-04T10:51:27.026Z
npm,@qlik,sprout-design-docs,1.0.2,,2026-08-04T10:46:36.585Z,2026-08-04T10:51:17.709Z
npm,@onereach,si-radio-group,0.3.6,,2026-08-04T10:45:30.529Z,2026-08-04T10:51:23.899Z
npm,@or-sdk,key-value-storage,0.28.7,,2026-08-04T10:45:30.178Z,2026-08-04T10:51:17.548Z
npm,@nebula.js,nucleus,0.5.1,,2026-08-04T10:46:36.230Z,2026-08-04T10:52:16.508Z
npm,@onereach,or-browser,0.0.49,,2026-08-04T10:45:29.988Z,2026-08-04T10:51:22.309Z
npm,@or-sdk,view-templates,2.2.6,,2026-08-04T10:45:31.845Z,2026-08-04T10:51:17.449Z
npm,@qlik,nebula-table-utils,2.6.9,,2026-08-04T10:46:38.633Z,2026-08-04T10:51:44.214Z
npm,@or-sdk,tickets,1.9.6,,2026-08-04T10:45:31.014Z,2026-08-04T10:51:25.201Z
npm,@or-sdk,mcp-tools,0.5.3,,2026-08-04T10:45:31.183Z,2026-08-04T10:51:15.947Z
npm,@or-sdk,tables,0.28.6,,2026-08-04T10:45:31.186Z,2026-08-04T10:51:22.510Z
npm,@or-sdk,cards,1.2.6,,2026-08-04T10:45:30.712Z,2026-08-04T10:51:17.085Z
npm,@qlik,sprout-icons,0.12.3,,2026-08-04T10:46:37.348Z,2026-08-04T10:51:55.872Z
npm,@onereach,si-dropdown-advanced,0.4.6,,2026-08-04T10:45:32.154Z,2026-08-04T10:51:21.488Z
npm,@or-sdk,store,2.1.6,,2026-08-04T10:45:30.583Z,2026-08-04T10:51:21.421Z
npm,@or-sdk,data-hub-svc,2.3.6,,2026-08-04T10:45:30.362Z,2026-08-04T10:51:16.639Z
npm,@or-sdk,queue-manager,1.4.7,,2026-08-04T10:45:29.971Z,2026-08-04T10:51:19.822Z
npm,@or-sdk,library-types-v1,9.0.2,,2026-08-04T10:45:30.585Z,2026-08-04T10:51:21.915Z
npm,@or-sdk,authorizer,0.26.8,,2026-08-04T10:45:31.253Z,2026-08-04T10:51:20.028Z
npm,@or-sdk,markdowner,0.5.2,,2026-08-04T10:45:31.342Z,2026-08-04T10:51:23.678Z
npm,@onereach,si-root,0.9.5,,2026-08-04T10:45:30.104Z,2026-08-04T10:51:18.854Z
npm,@onereach,orest-vue-demi-vue3,0.0.5,,2026-08-04T10:45:30.147Z,2026-08-04T10:51:20.702Z
npm,@onereach,idw-apps,0.1.4,,2026-08-04T10:45:30.986Z,2026-08-04T10:51:36.165Z
npm,@onereach,si-list,0.7.5,,2026-08-04T10:45:30.045Z,2026-08-04T10:51:36.610Z
npm,@or-sdk,flows,2.7.9,,2026-08-04T10:45:31.334Z,2026-08-04T10:51:26.467Z
npm,@or-sdk,apps,1.2.7,,2026-08-04T10:45:30.044Z,2026-08-04T10:51:21.297Z
npm,@or-sdk,transcripts,1.2.6,,2026-08-04T10:45:30.880Z,2026-08-04T10:51:28.815Z
npm,@or-sdk,deployments,2.1.6,,2026-08-04T10:45:30.857Z,2026-08-04T10:51:18.413Z
npm,@or-sdk,source,2.1.6,,2026-08-04T10:45:30.130Z,2026-08-04T10:51:24.691Z
npm,@or-sdk,graph,1.10.6,,2026-08-04T10:45:30.662Z,2026-08-04T10:51:30.841Z
npm,@or-sdk,lookup,1.25.2,,2026-08-04T10:45:31.429Z,2026-08-04T10:51:17.749Z
npm,@onereach,si-merge-tag-input,0.4.6,,2026-08-04T10:45:30.081Z,2026-08-04T10:51:32.247Z
npm,@or-sdk,druid,1.4.8,,2026-08-04T10:45:30.422Z,2026-08-04T10:51:26.739Z
npm,@onereach,v-event-calendar,0.1.23,,2026-08-04T10:45:31.139Z,2026-08-04T10:51:22.268Z
npm,@or-sdk,files,3.11.7,,2026-08-04T10:45:30.872Z,2026-08-04T10:51:24.323Z
npm,@onereach,si-dropdown-simple,0.4.6,,2026-08-04T10:45:30.450Z,2026-08-04T10:51:34.894Z
npm,@or-sdk,agents,4.21.4,,2026-08-04T10:45:31.645Z,2026-08-04T10:51:24.322Z
npm,@onereach,rwc-client,6.4.8,,2026-08-04T10:45:29.829Z,2026-08-04T10:51:23.474Z
npm,@or-sdk,content-request,0.2.7,,2026-08-04T10:45:30.774Z,2026-08-04T10:51:19.031Z
npm,@or-sdk,library-source,0.4.6,,2026-08-04T10:45:30.534Z,2026-08-04T10:51:23.884Z
npm,@onereach,step-run-snowflake-query,0.1.2,,2026-08-04T10:45:30.310Z,2026-08-04T10:51:24.922Z
npm,@or-sdk,library-categories,0.2.7,,2026-08-04T10:45:30.080Z,2026-08-04T10:51:18.105Z
npm,@onereach,expression-components,9.1.2,,2026-08-04T10:45:30.278Z,2026-08-04T10:51:20.297Z
npm,@or-sdk,bots,1.7.2,,2026-08-04T10:45:30.068Z,2026-08-04T10:51:25.324Z
npm,@ornikar,renovate-config,9.0.6,,2026-08-04T10:44:16.839Z,2026-08-04T10:51:43.208Z
npm,@ornikar,renovate-config,9.0.5,,2026-08-04T10:43:59.888Z,2026-08-04T10:51:22.351Z
npm,@ornikar,renovate-config,9.0.7,,2026-08-04T10:44:33.275Z,2026-08-04T10:51:21.940Z
npm,@ornikar,eslint-config-typescript-react,24.0.5,,2026-08-04T10:44:33.303Z,2026-08-04T10:51:23.366Z
npm,@onereach,styles,27.0.3,,2026-08-04T10:45:29.891Z,2026-08-04T10:51:21.356Z
npm,@or-sdk,billing,27.2.2,,2026-08-04T10:45:30.721Z,2026-08-04T10:51:32.951Z
npm,@ornikar,babel-preset-kitt-universal,8.0.6,,2026-08-04T10:44:33.263Z,2026-08-04T10:51:23.331Z
npm,@ornikar,jest-config-react-native-web,12.0.6,,2026-08-04T10:44:00.014Z,2026-08-04T10:51:20.041Z
npm,@onereach,ui-components,27.0.3,,2026-08-04T10:45:31.286Z,2026-08-04T10:51:28.363Z
npm,@ornikar,babel-preset-kitt-universal,8.0.5,,2026-08-04T10:44:00.692Z,2026-08-04T10:51:40.286Z
npm,@ornikar,jest-config-react-native-web,12.0.7,,2026-08-04T10:44:33.282Z,2026-08-04T10:51:32.679Z
npm,@ornikar,eslint-config-babel-use,13.2.6,,2026-08-04T10:44:33.453Z,2026-08-04T10:51:25.572Z
npm,@ornikar,kitt2,1.0.5,,2026-08-04T10:44:33.393Z,2026-08-04T10:51:35.437Z
npm,@ornikar,eslint-config-babel-use,13.2.5,,2026-08-04T10:44:17.358Z,2026-08-04T10:51:28.576Z
npm,@ornikar,kitt2,1.0.4,,2026-08-04T10:44:16.965Z,2026-08-04T10:51:30.277Z
npm,@ornikar,apollo-link-timeout,1.4.5,,2026-08-04T10:44:33.626Z,2026-08-04T10:51:44.747Z
npm,@ornikar,eslint-config-babel-use,13.2.4,,2026-08-04T10:44:00.234Z,2026-08-04T10:51:24.441Z
npm,@ornikar,kitt2,1.0.3,,2026-08-04T10:44:00.109Z,2026-08-04T10:51:28.836Z
npm,@ornikar,eslint-config-babel,24.0.5,,2026-08-04T10:44:17.381Z,2026-08-04T10:51:28.189Z
npm,@ornikar,eslint-config-babel,24.0.4,,2026-08-04T10:44:00.306Z,2026-08-04T10:51:26.521Z
npm,@ornikar,eslint-config-babel,24.0.6,,2026-08-04T10:44:33.507Z,2026-08-04T10:51:34.787Z
npm,@ornikar,apollo-link-timeout,1.4.4,,2026-08-04T10:44:00.384Z,2026-08-04T10:51:31.513Z
npm,@ornikar,slate-react-fork,1.0.4,,2026-08-04T10:44:17.501Z,2026-08-04T10:51:25.639Z
npm,@ornikar,slate-react-fork,1.0.3,,2026-08-04T10:44:00.300Z,2026-08-04T10:51:25.528Z
npm,@ornikar,repo-config,15.3.6,,2026-08-04T10:44:00.379Z,2026-08-04T10:51:28.051Z
npm,@ornikar,repo-config,15.3.7,,2026-08-04T10:44:33.227Z,2026-08-04T10:51:28.643Z
npm,@ornikar,jest-config-react,18.0.5,,2026-08-04T10:44:00.376Z,2026-08-04T10:51:30.614Z
npm,@ornikar,jest-config-react,18.0.6,,2026-08-04T10:44:33.303Z,2026-08-04T10:51:28.453Z
npm,@ornikar,slate-react-fork,1.0.5,,2026-08-04T10:44:33.226Z,2026-08-04T10:51:31.620Z
npm,@ornikar,postcss-config,9.1.5,,2026-08-04T10:44:17.146Z,2026-08-04T10:51:37.919Z
npm,@ornikar,postcss-config,9.1.4,,2026-08-04T10:43:59.815Z,2026-08-04T10:51:32.078Z
npm,@ornikar,eslint-config,24.0.5,,2026-08-04T10:44:17.433Z,2026-08-04T10:51:28.985Z
npm,@ornikar,repo-config-react-legacy-css,15.1.6,,2026-08-04T10:44:17.197Z,2026-08-04T10:51:29.525Z
npm,@ornikar,eslint-config,24.0.6,,2026-08-04T10:44:33.893Z,2026-08-04T10:51:49.554Z
npm,@ornikar,repo-config-react-legacy-css,15.1.7,,2026-08-04T10:44:33.395Z,2026-08-04T10:51:30.681Z
npm,@ornikar,eslint-config,24.0.4,,2026-08-04T10:44:00.366Z,2026-08-04T10:51:26.506Z
npm,@ornikar,postcss-config,9.1.6,,2026-08-04T10:44:33.371Z,2026-08-04T10:51:31.485Z
npm,@ornikar,repo-config-react-legacy-css,15.1.5,,2026-08-04T10:43:59.892Z,2026-08-04T10:51:28.610Z
npm,@ornikar,commitlint-config,8.3.4,,2026-08-04T10:44:00.087Z,2026-08-04T10:51:30.771Z
npm,@ornikar,commitlint-config,8.3.6,,2026-08-04T10:44:33.474Z,2026-08-04T10:51:28.936Z
npm,@ornikar,eslint-config-react,24.0.3,,2026-08-04T10:44:00.223Z,2026-08-04T10:51:41.434Z
npm,@ornikar,eslint-config-react,24.0.4,,2026-08-04T10:44:17.501Z,2026-08-04T10:51:32.686Z
npm,@ornikar,eslint-config-react,24.0.5,,2026-08-04T10:44:33.237Z,2026-08-04T10:51:44.264Z
npm,@ornikar,commitlint-config,8.3.5,,2026-08-04T10:44:16.874Z,2026-08-04T10:51:37.941Z
npm,,verdaccio-tarball-local-storage,38.1.5,,2026-08-04T10:53:19.583Z,2026-08-04T10:55:06.685Z
npm,,folder-lint,1.0.10,,2026-08-04T10:53:19.971Z,2026-08-04T10:55:15.567Z
npm,,eslint-plugin-folder-schema,1.0.10,,2026-08-04T10:53:19.675Z,2026-08-04T10:55:23.390Z
npm,,verdaccio-okta-oauth,38.1.5,,2026-08-04T10:53:20.517Z,2026-08-04T10:55:13.292Z
npm,,editable-contracts,0.0.16,,2026-08-04T10:53:20.402Z,2026-08-04T10:55:21.879Z
npm,,tslint-folder-schema,1.0.10,,2026-08-04T10:53:19.636Z,2026-08-04T10:55:12.253Z
npm,@servicetitan,cp-react-hooks,1.115.4,,2026-08-04T10:53:20.439Z,2026-08-04T10:58:17.703Z
npm,@servicetitan,lazy-module,38.1.4,,2026-08-04T10:53:19.821Z,2026-08-04T10:58:30.243Z
npm,@servicetitan,culture,41.3.4,,2026-08-04T10:53:19.759Z,2026-08-04T10:58:17.762Z
npm,@servicetitan,eslint-plugin-folder-schema,38.1.4,,2026-08-04T10:53:19.872Z,2026-08-04T10:58:26.673Z
npm,@servicetitan,confirm,41.3.4,,2026-08-04T10:53:20.260Z,2026-08-04T10:58:29.203Z
npm,@servicetitan,error-boundary,38.1.4,,2026-08-04T10:53:19.664Z,2026-08-04T10:58:20.736Z
npm,@servicetitan,datetime-utils,41.3.4,,2026-08-04T10:53:19.630Z,2026-08-04T10:58:19.561Z
npm,@servicetitan,log-service,38.1.4,,2026-08-04T10:53:20.149Z,2026-08-04T10:58:19.460Z
npm,@servicetitan,eslint-plugin,38.1.4,,2026-08-04T10:53:19.806Z,2026-08-04T10:58:17.508Z
npm,@servicetitan,hammer-icon,1.2.4,,2026-08-04T10:53:20.242Z,2026-08-04T10:58:24.587Z
npm,@servicetitan,titan-chatbot-ui-cypress,9.0.4,,2026-08-04T10:53:20.116Z,2026-08-04T10:58:23.680Z
npm,@servicetitan,anvil-icons,14.5.7,,2026-08-04T10:53:19.730Z,2026-08-04T10:58:20.800Z
npm,@servicetitan,anvil-css-utilities,14.5.7,,2026-08-04T10:53:19.771Z,2026-08-04T10:58:19.657Z
npm,@servicetitan,standalone-core-feature-gates,1.11.7,,2026-08-04T10:53:20.069Z,2026-08-04T10:58:20.116Z
npm,@servicetitan,docs-uikit,38.1.4,,2026-08-04T10:53:20.139Z,2026-08-04T10:58:17.391Z
npm,@servicetitan,assist-utils,1.1.5,,2026-08-04T10:53:20.345Z,2026-08-04T10:58:28.606Z
npm,@servicetitan,eslint-plugin-processors-stub,12.8.18,,2026-08-04T10:53:19.749Z,2026-08-04T10:58:35.639Z
npm,@servicetitan,admin-sql-table,1.0.17,,2026-08-04T10:53:20.138Z,2026-08-04T10:58:29.910Z
npm,@servicetitan,acquisition-functions,5.22.4,,2026-08-04T10:53:20.293Z,2026-08-04T10:58:33.058Z
npm,@servicetitan,launchdarkly-service,38.1.4,,2026-08-04T10:53:19.921Z,2026-08-04T10:58:21.583Z
npm,@servicetitan,anvil-icon,0.5.4,,2026-08-04T10:53:20.430Z,2026-08-04T10:58:22.371Z
npm,@servicetitan,admin-layout,2.4.6,,2026-08-04T10:53:20.086Z,2026-08-04T10:58:30.205Z
npm,@servicetitan,kendo-theme,0.0.30,,2026-08-04T10:53:19.668Z,2026-08-04T10:58:24.728Z
npm,@servicetitan,uikit-docs,22.11.4,,2026-08-04T10:53:20.286Z,2026-08-04T10:58:18.310Z
npm,@servicetitan,startup-utils,38.1.4,,2026-08-04T10:53:20.437Z,2026-08-04T10:58:19.442Z
npm,@servicetitan,thoughtspot-theme,1.7.4,,2026-08-04T10:53:20.284Z,2026-08-04T10:58:28.075Z
npm,@servicetitan,temporal-lite,3.4.4,,2026-08-04T10:53:19.930Z,2026-08-04T10:58:27.266Z
npm,@servicetitan,eslint-plugin-decorators-declare,12.8.18,,2026-08-04T10:53:19.676Z,2026-08-04T10:58:20.422Z
npm,@servicetitan,unit-tests,0.0.5,,2026-08-04T10:53:19.619Z,2026-08-04T10:58:21.786Z
npm,@servicetitan,feature-spotlight,3.9.4,,2026-08-04T10:53:20.324Z,2026-08-04T10:58:23.737Z
npm,@servicetitan,va-mfe-loader,1.1.4,,2026-08-04T10:53:19.947Z,2026-08-04T10:58:18.968Z
npm,@servicetitan,contentful,0.0.6,,2026-08-04T10:53:20.243Z,2026-08-04T10:58:23.379Z
npm,@servicetitan,contentful-proxy,1.1.15,,2026-08-04T10:53:20.296Z,2026-08-04T10:58:23.143Z
npm,@servicetitan,modularpayments-webfields,1.0.56,,2026-08-04T10:53:19.685Z,2026-08-04T10:58:18.393Z
npm,@servicetitan,anvil2-ext-mwv,0.0.8,,2026-08-04T10:53:20.431Z,2026-08-04T10:58:21.565Z
npm,@servicetitan,microfront-utils,1.4.4,,2026-08-04T10:53:20.249Z,2026-08-04T10:58:20.342Z
npm,@servicetitan,carto-charts-react,0.0.5,,2026-08-04T10:53:19.682Z,2026-08-04T10:58:34.715Z
npm,@servicetitan,document-title,2.4.4,,2026-08-04T10:53:19.869Z,2026-08-04T10:58:23.849Z
npm,@servicetitan,ld-type-generator,0.2.4,,2026-08-04T10:53:19.917Z,2026-08-04T10:58:24.557Z
npm,@servicetitan,anvil2-illustrations,1.0.5,,2026-08-04T10:53:20.030Z,2026-08-04T10:58:18.695Z
npm,@servicetitan,eslint-plugin-mobx-6,12.8.17,,2026-08-04T10:53:19.715Z,2026-08-04T10:58:20.290Z
npm,@servicetitan,eh-module-communication,0.2.4,,2026-08-04T10:53:20.375Z,2026-08-04T10:58:34.864Z
npm,@servicetitan,marketing-widgets,1.0.4,,2026-08-04T10:53:20.147Z,2026-08-04T10:58:25.643Z
npm,@servicetitan,microfront,0.0.5,,2026-08-04T10:53:20.263Z,2026-08-04T10:58:23.493Z
npm,@servicetitan,micro-frontend,0.0.7,,2026-08-04T10:53:20.226Z,2026-08-04T10:58:31.874Z
npm,@servicetitan,startup-mfe-compat,0.5.4,,2026-08-04T10:53:20.268Z,2026-08-04T10:58:22.159Z
npm,@servicetitan,widget-platform,5.6.4,,2026-08-04T10:53:20.356Z,2026-08-04T10:58:30.998Z
npm,@servicetitan,anvil2-mcp,0.0.12,,2026-08-04T10:53:19.629Z,2026-08-04T10:58:30.095Z
npm,@servicetitan,moneyout-api-client,1.29.4,,2026-08-04T10:53:21.258Z,2026-08-04T10:59:31.970Z
npm,@servicetitan,form,41.3.4,,2026-08-04T10:53:20.842Z,2026-08-04T10:59:28.785Z
npm,@servicetitan,hash-browser-router,38.1.4,,2026-08-04T10:53:20.361Z,2026-08-04T10:59:21.792Z
npm,@servicetitan,data-query,41.3.4,,2026-08-04T10:53:21.188Z,2026-08-04T10:59:24.853Z
npm,@servicetitan,tokens,12.9.4,,2026-08-04T10:53:21.430Z,2026-08-04T10:59:24.717Z
npm,@servicetitan,table,41.3.4,,2026-08-04T10:53:21.149Z,2026-08-04T10:59:25.236Z
npm,@servicetitan,anvil2,3.9.4,,2026-08-04T10:53:20.857Z,2026-08-04T10:59:43.429Z
npm,@servicetitan,restrict-imports,38.1.4,,2026-08-04T10:53:21.212Z,2026-08-04T10:59:21.179Z
npm,@servicetitan,startup,38.1.4,,2026-08-04T10:53:20.566Z,2026-08-04T10:59:35.089Z
npm,@servicetitan,hammer-react,1.42.5,,2026-08-04T10:53:20.489Z,2026-08-04T10:59:30.891Z
npm,@servicetitan,suppress-warnings,38.1.4,,2026-08-04T10:53:21.072Z,2026-08-04T10:59:21.402Z
npm,@servicetitan,react-ioc,38.1.4,,2026-08-04T10:53:20.322Z,2026-08-04T10:59:22.201Z
npm,@servicetitan,link-item,41.3.4,,2026-08-04T10:53:20.722Z,2026-08-04T10:59:30.538Z
npm,@servicetitan,marketing-integration-widgets,1.0.43,,2026-08-04T10:53:20.445Z,2026-08-04T10:59:36.252Z
npm,@servicetitan,stylelint-config,38.1.4,,2026-08-04T10:53:20.470Z,2026-08-04T10:59:22.889Z
npm,@servicetitan,anvil2-ext-common,0.7.4,,2026-08-04T10:53:21.097Z,2026-08-04T10:59:35.164Z
npm,@servicetitan,folder-lint,38.1.4,,2026-08-04T10:53:21.090Z,2026-08-04T10:59:29.353Z
npm,@servicetitan,eslint-config,38.1.4,,2026-08-04T10:53:20.624Z,2026-08-04T10:59:31.848Z
npm,@servicetitan,confirm-navigation,41.3.4,,2026-08-04T10:53:20.336Z,2026-08-04T10:59:22.772Z
npm,@servicetitan,component-usage,28.5.4,,2026-08-04T10:53:20.383Z,2026-08-04T10:59:24.678Z
npm,@servicetitan,web-components,38.1.4,,2026-08-04T10:53:21.677Z,2026-08-04T10:59:57.316Z
npm,@servicetitan,ko-bridge,38.1.4,,2026-08-04T10:53:20.447Z,2026-08-04T10:59:23.667Z
npm,@servicetitan,notifications,41.3.4,,2026-08-04T10:53:21.631Z,2026-08-04T10:59:25.166Z
npm,@servicetitan,ajax-handlers,38.1.4,,2026-08-04T10:53:21.679Z,2026-08-04T10:59:24.259Z
npm,@servicetitan,design-system,14.5.7,,2026-08-04T10:53:21.101Z,2026-08-04T10:59:38.295Z
npm,@servicetitan,form-state,41.3.4,,2026-08-04T10:53:21.220Z,2026-08-04T10:59:28.668Z
npm,@servicetitan,navigation,14.1.4,,2026-08-04T10:53:20.714Z,2026-08-04T10:59:29.018Z
npm,@servicetitan,mfe-quick-actions,0.5.52,,2026-08-04T10:53:21.257Z,2026-08-04T10:59:26.550Z
npm,@servicetitan,skeleton,9.2.7,,2026-08-04T10:53:20.348Z,2026-08-04T10:59:26.374Z
npm,@servicetitan,anvil-themes,14.5.7,,2026-08-04T10:53:21.176Z,2026-08-04T10:59:32.838Z
npm,@servicetitan,intl,7.2.4,,2026-08-04T10:53:20.641Z,2026-08-04T10:59:29.446Z
npm,@servicetitan,cp-ui,1.115.4,,2026-08-04T10:53:20.549Z,2026-08-04T10:59:58.130Z
npm,@servicetitan,dte-pdf-editor,1.76.4,,2026-08-04T10:53:20.298Z,2026-08-04T10:59:28.411Z
npm,@servicetitan,dte-unlayer,0.150.4,,2026-08-04T10:53:21.035Z,2026-08-04T10:59:48.188Z
npm,@servicetitan,anvil2-ext-atlas,4.0.5,,2026-08-04T10:53:20.895Z,2026-08-04T10:59:29.577Z
npm,@servicetitan,cp-api,1.115.4,,2026-08-04T10:53:21.076Z,2026-08-04T10:59:22.600Z
npm,@servicetitan,cp-mfe,1.115.4,,2026-08-04T10:53:21.367Z,2026-08-04T10:59:23.975Z
npm,@servicetitan,hammer-token,3.1.4,,2026-08-04T10:53:21.438Z,2026-08-04T10:59:33.507Z
npm,@servicetitan,json-render-react,0.4.9,,2026-08-04T10:53:20.943Z,2026-08-04T10:59:40.298Z
npm,@servicetitan,anvil2-ext-charts,0.2.7,,2026-08-04T10:53:20.986Z,2026-08-04T10:59:36.185Z
npm,@servicetitan,cp-mfe-dev,1.115.4,,2026-08-04T10:53:20.540Z,2026-08-04T10:59:26.226Z
npm,@servicetitan,onboarding-ui,18.5.4,,2026-08-04T10:53:20.699Z,2026-08-04T10:59:27.664Z
npm,@servicetitan,testing-library,6.6.4,,2026-08-04T10:53:21.244Z,2026-08-04T10:59:34.588Z
npm,@servicetitan,titan-chat-ui-common,9.0.4,,2026-08-04T10:53:20.933Z,2026-08-04T10:59:36.907Z
npm,@servicetitan,titan-chat-ui-anvil2,9.0.4,,2026-08-04T10:53:20.986Z,2026-08-04T10:59:30.521Z
npm,@servicetitan,titan-chat-ui-cypress,2.1.6,,2026-08-04T10:53:20.387Z,2026-08-04T10:59:34.721Z
npm,@servicetitan,marketing-ui,9.3.4,,2026-08-04T10:53:20.542Z,2026-08-04T10:59:36.514Z
npm,@servicetitan,assist-ui,2.1.4,,2026-08-04T10:53:20.590Z,2026-08-04T10:59:51.164Z
npm,@servicetitan,standalone-ui,2.2.7,,2026-08-04T10:53:21.220Z,2026-08-04T10:59:28.166Z
npm,@servicetitan,titan-chat-ui,7.1.6,,2026-08-04T10:53:20.918Z,2026-08-04T10:59:37.161Z
npm,@servicetitan,titan-chatbot-client,2.1.6,,2026-08-04T10:53:20.722Z,2026-08-04T10:59:28.615Z
npm,@servicetitan,react-hooks,7.7.4,,2026-08-04T10:53:20.884Z,2026-08-04T10:59:27.880Z
npm,@servicetitan,anvil-fonts,14.5.7,,2026-08-04T10:53:20.949Z,2026-08-04T10:59:32.784Z
npm,@servicetitan,carto-rn-kit,0.0.13,,2026-08-04T10:53:20.534Z,2026-08-04T10:59:29.840Z
npm,@servicetitan,examples,1.2.8,,2026-08-04T10:53:21.718Z,2026-08-04T10:59:27.212Z
npm,@servicetitan,marketing-direct-mail-components,20.1.4,,2026-08-04T10:53:20.755Z,2026-08-04T10:59:37.923Z
npm,@servicetitan,install,38.1.4,,2026-08-04T10:53:21.409Z,2026-08-04T10:59:37.882Z
npm,@servicetitan,datadog-rum,38.1.4,,2026-08-04T10:53:20.881Z,2026-08-04T10:59:32.902Z
npm,@servicetitan,standalone-feature-flags,2.3.5,,2026-08-04T10:53:20.320Z,2026-08-04T10:59:25.228Z
npm,@servicetitan,marketing-email-components,20.2.6,,2026-08-04T10:53:20.624Z,2026-08-04T10:59:28.704Z
npm,@servicetitan,titan-chatbot-api,9.0.4,,2026-08-04T10:53:20.851Z,2026-08-04T10:59:35.515Z
npm,@servicetitan,toolbelt-shared-registry,1.14.4,,2026-08-04T10:53:20.691Z,2026-08-04T10:59:35.110Z
npm,@servicetitan,grid,0.0.66,,2026-08-04T10:53:20.654Z,2026-08-04T10:59:50.407Z
npm,@servicetitan,marketing-global-route,1.14.4,,2026-08-04T10:53:20.762Z,2026-08-04T10:59:32.568Z
npm,@servicetitan,help-center,1.0.11,,2026-08-04T10:53:20.937Z,2026-08-04T10:59:45.822Z
npm,@servicetitan,carto-tokens,0.3.4,,2026-08-04T10:53:20.517Z,2026-08-04T10:59:27.320Z
npm,@servicetitan,mpa-components,2.5.4,,2026-08-04T10:53:20.466Z,2026-08-04T10:59:29.980Z
npm,@servicetitan,titan-chatbot-ui-anvil2,9.0.4,,2026-08-04T10:53:21.166Z,2026-08-04T10:59:28.572Z
npm,@servicetitan,forge,0.5.4,,2026-08-04T10:53:21.084Z,2026-08-04T10:59:40.412Z
npm,@servicetitan,anvil2-codemods,0.11.5,,2026-08-04T10:53:20.742Z,2026-08-04T10:59:38.226Z
npm,@servicetitan,marketing-route,1.2.4,,2026-08-04T10:53:20.372Z,2026-08-04T10:59:37.819Z
npm,@servicetitan,carto-charts-rn,0.0.5,,2026-08-04T10:53:20.492Z,2026-08-04T10:59:36.403Z
npm,@servicetitan,standalone-root,1.11.6,,2026-08-04T10:53:21.103Z,2026-08-04T10:59:29.149Z
npm,@servicetitan,carto-react-kit,0.8.7,,2026-08-04T10:53:20.622Z,2026-08-04T10:59:27.963Z
npm,@servicetitan,standalone-tm-api,1.1.4,,2026-08-04T10:53:20.450Z,2026-08-04T10:59:35.741Z
npm,@servicetitan,schema-comparison,0.1.6,,2026-08-04T10:53:20.681Z,2026-08-04T10:59:35.945Z
npm,@servicetitan,microfront-tests,0.0.14,,2026-08-04T10:53:20.544Z,2026-08-04T10:59:37.091Z
npm,@servicetitan,html-sketchapp,4.2.11,,2026-08-04T10:53:21.120Z,2026-08-04T10:59:36.501Z
npm,@servicetitan,measure-sheet-data,2.6.4,,2026-08-04T10:53:21.489Z,2026-08-04T10:59:44.539Z
npm,@servicetitan,responsive,6.1.4,,2026-08-04T10:53:20.652Z,2026-08-04T10:59:42.957Z
npm,@servicetitan,anvil-react,0.11.6,,2026-08-04T10:53:21.304Z,2026-08-04T10:59:44.958Z
npm,@servicetitan,carto-charts-core,0.0.5,,2026-08-04T10:53:20.925Z,2026-08-04T10:59:44.473Z
npm,@servicetitan,line-item-editor,1.5.4,,2026-08-04T10:53:20.936Z,2026-08-04T10:59:31.368Z
npm,@servicetitan,startup-jest,2.2.4,,2026-08-04T10:53:20.760Z,2026-08-04T10:59:27.569Z
npm,@servicetitan,time-zones,3.8.4,,2026-08-04T10:53:21.318Z,2026-08-04T10:59:38.704Z
npm,@servicetitan,quick-actions,1.15.5,,2026-08-04T10:53:20.723Z,2026-08-04T10:59:29.244Z
npm,@servicetitan,marketing-form,0.1.5,,2026-08-04T10:53:20.382Z,2026-08-04T10:59:29.302Z
npm,@servicetitan,microfront-auth,0.0.8,,2026-08-04T10:53:20.547Z,2026-08-04T10:59:38.303Z
npm,@servicetitan,tanstack-query-mobx,6.2.4,,2026-08-04T10:53:20.960Z,2026-08-04T10:59:31.459Z
npm,@servicetitan,docs-anvil-uikit-contrib,41.3.4,,2026-08-04T10:53:20.326Z,2026-08-04T10:59:27.625Z
npm,@servicetitan,widget-platform-monolith,5.6.4,,2026-08-04T10:53:21.313Z,2026-08-04T10:59:29.478Z
npm,@servicetitan,anvil-token,0.4.4,,2026-08-04T10:53:20.510Z,2026-08-04T10:59:39.738Z
npm,@servicetitan,titan-chatbot-ui,7.1.6,,2026-08-04T10:53:20.684Z,2026-08-04T10:59:34.257Z
npm,,verdaccio-tarball-local-storage,38.1.6,,2026-08-04T10:58:03.913Z,2026-08-04T11:03:36.149Z
npm,,verdaccio-tarball-local-storage,38.1.7,,2026-08-04T11:02:20.593Z,2026-08-04T11:03:36.563Z
npm,,verdaccio-okta-oauth,38.1.6,,2026-08-04T10:58:03.777Z,2026-08-04T11:03:36.914Z
npm,,verdaccio-okta-oauth,38.1.7,,2026-08-04T11:02:20.780Z,2026-08-04T11:03:38.936Z
npm,,editable-contracts,0.0.17,,2026-08-04T10:58:04.037Z,2026-08-04T11:03:39.296Z
npm,,editable-contracts,0.0.18,,2026-08-04T11:02:20.674Z,2026-08-04T11:03:36.686Z
npm,,tslint-folder-schema,1.0.12,,2026-08-04T11:02:20.522Z,2026-08-04T11:03:38.766Z
npm,,folder-lint,1.0.12,,2026-08-04T11:02:20.706Z,2026-08-04T11:03:38.077Z
npm,,tslint-folder-schema,1.0.11,,2026-08-04T10:58:03.754Z,2026-08-04T11:03:36.704Z
npm,,folder-lint,1.0.11,,2026-08-04T10:58:03.856Z,2026-08-04T11:03:45.582Z
npm,,eslint-plugin-folder-schema,1.0.12,,2026-08-04T11:02:20.606Z,2026-08-04T11:03:35.650Z
npm,,eslint-plugin-folder-schema,1.0.11,,2026-08-04T10:58:03.729Z,2026-08-04T11:03:39.435Z
npm,,rwc-client,0.29.13,,2026-08-04T10:59:00.513Z,2026-08-04T11:04:59.349Z
npm,@onereach,si-header,0.4.13,,2026-08-04T10:59:44.165Z,2026-08-04T11:04:46.546Z
npm,,conv-context-next,1.0.4,,2026-08-04T10:58:57.764Z,2026-08-04T11:04:53.176Z
npm,,example-js-project,1.0.5,,2026-08-04T10:58:57.482Z,2026-08-04T11:04:42.602Z
npm,@workbench-stack,core,3.9.8,,2026-08-04T11:00:31.309Z,2026-08-04T11:05:43.761Z
npm,@adminide-stack,yantra-mobile,12.0.33,,2026-08-04T11:00:31.119Z,2026-08-04T11:05:20.405Z
npm,@adminide-stack,clock-tik-browser,12.0.24,,2026-08-04T11:00:33.004Z,2026-08-04T11:05:19.095Z
npm,,workbench-browser-server,0.0.2,,2026-08-04T11:00:31.403Z,2026-08-04T11:05:35.500Z
npm,,server-hemera-mongo,0.0.12,,2026-08-04T11:00:30.981Z,2026-08-04T11:05:15.890Z
npm,,conv-context-next,1.0.5,,2026-08-04T11:05:40.279Z,2026-08-04T11:10:33.613Z
npm,,rwc-client,0.29.14,,2026-08-04T11:05:43.373Z,2026-08-04T11:10:34.112Z
npm,,example-js-project,1.0.6,,2026-08-04T11:05:39.899Z,2026-08-04T11:10:30.802Z
npm,,verdaccio-tarball-local-storage,38.1.8,,2026-08-04T11:08:17.544Z,2026-08-04T11:13:33.088Z
npm,,verdaccio-okta-oauth,38.1.8,,2026-08-04T11:08:17.757Z,2026-08-04T11:13:35.987Z
npm,,tslint-folder-schema,1.0.13,,2026-08-04T11:08:17.490Z,2026-08-04T11:13:33.959Z
npm,,editable-contracts,0.0.19,,2026-08-04T11:08:17.808Z,2026-08-04T11:13:39.012Z
npm,,folder-lint,1.0.13,,2026-08-04T11:08:17.512Z,2026-08-04T11:13:36.157Z
npm,,eslint-plugin-folder-schema,1.0.13,,2026-08-04T11:08:17.703Z,2026-08-04T11:13:41.841Z
npm,,rwc-client,0.29.15,,2026-08-04T11:13:13.616Z,2026-08-04T11:18:27.610Z
npm,,conv-context-next,1.0.6,,2026-08-04T11:13:09.708Z,2026-08-04T11:18:31.726Z
npm,,verdaccio-okta-oauth,38.1.9,,2026-08-04T11:15:02.778Z,2026-08-04T11:20:27.165Z
npm,,verdaccio-okta-oauth,38.1.10,,2026-08-04T11:18:16.477Z,2026-08-04T11:20:26.180Z
npm,,tslint-folder-schema,1.0.14,,2026-08-04T11:15:02.542Z,2026-08-04T11:20:28.068Z
npm,,eslint-plugin-folder-schema,1.0.15,,2026-08-04T11:18:16.143Z,2026-08-04T11:20:29.755Z
npm,,folder-lint,1.0.14,,2026-08-04T11:15:02.513Z,2026-08-04T11:20:26.826Z
npm,,editable-contracts,0.0.20,,2026-08-04T11:15:02.568Z,2026-08-04T11:20:34.162Z
npm,,editable-contracts,0.0.21,,2026-08-04T11:18:16.038Z,2026-08-04T11:20:26.944Z
npm,,verdaccio-tarball-local-storage,38.1.9,,2026-08-04T11:15:02.740Z,2026-08-04T11:20:27.272Z
npm,,folder-lint,1.0.15,,2026-08-04T11:18:16.224Z,2026-08-04T11:20:35.315Z
npm,,verdaccio-tarball-local-storage,38.1.10,,2026-08-04T11:18:16.251Z,2026-08-04T11:20:26.806Z
npm,,eslint-plugin-folder-schema,1.0.14,,2026-08-04T11:15:02.521Z,2026-08-04T11:20:46.498Z
npm,,tslint-folder-schema,1.0.15,,2026-08-04T11:18:16.247Z,2026-08-04T11:20:33.981Z
npm,@ornikar,monorepo-config,14.3.8,,2026-08-04T11:16:04.660Z,2026-08-04T11:21:30.286Z
npm,@ornikar,lerna-config,11.0.6,,2026-08-04T11:16:04.676Z,2026-08-04T11:21:28.278Z
npm,@ornikar,eslint-plugin-ornikar,24.0.6,,2026-08-04T11:16:04.460Z,2026-08-04T11:21:34.520Z
npm,@ornikar,monorepo-config,14.3.9,,2026-08-04T11:16:22.855Z,2026-08-04T11:21:29.340Z
npm,@ornikar,stylelint-config,14.0.9,,2026-08-04T11:16:22.847Z,2026-08-04T11:22:07.690Z
npm,@ornikar,stylelint-config,14.0.8,,2026-08-04T11:16:04.583Z,2026-08-04T11:21:37.883Z
npm,@ornikar,eslint-config-formatjs,24.0.6,,2026-08-04T11:16:22.741Z,2026-08-04T11:21:29.333Z
npm,@ornikar,eslint-plugin-ornikar,24.0.7,,2026-08-04T11:16:22.908Z,2026-08-04T11:21:31.058Z
npm,,native-frontend-orb,1.1.9,,2026-08-04T11:16:04.466Z,2026-08-04T11:21:40.153Z
npm,@ornikar,rollup-config,11.1.9,,2026-08-04T11:16:22.815Z,2026-08-04T11:21:39.233Z
npm,,native-frontend-orb,1.1.10,,2026-08-04T11:16:22.913Z,2026-08-04T11:21:27.500Z
npm,@ornikar,eslint-plugin-neverthrow,1.3.8,,2026-08-04T11:16:23.164Z,2026-08-04T11:21:44.766Z
npm,@ornikar,rollup-config,11.1.8,,2026-08-04T11:16:04.297Z,2026-08-04T11:21:32.382Z
npm,@ornikar,eslint-plugin-neverthrow,1.3.7,,2026-08-04T11:16:04.418Z,2026-08-04T11:21:31.914Z
npm,@ornikar,eslint-config-formatjs,24.0.5,,2026-08-04T11:16:04.311Z,2026-08-04T11:21:29.433Z
npm,@ornikar,react-modern-calendar-datepicker,3.2.6,,2026-08-04T11:16:04.322Z,2026-08-04T11:21:45.192Z
npm,@ornikar,rollup-plugin-postcss,2.0.10,,2026-08-04T11:16:04.350Z,2026-08-04T11:21:28.767Z
npm,,pob-test-package-in-monorepo,5.2.7,,2026-08-04T11:16:22.869Z,2026-08-04T11:21:30.414Z
npm,@ornikar,react-modern-calendar-datepicker,3.2.7,,2026-08-04T11:16:23.020Z,2026-08-04T11:21:42.411Z
npm,,babel-plugin-linaria-css-to-undefined,0.3.8,,2026-08-04T11:16:40.822Z,2026-08-04T11:21:28.785Z
npm,@ornikar,rollup-plugin-postcss,2.0.11,,2026-08-04T11:16:22.861Z,2026-08-04T11:21:38.452Z
npm,,babel-plugin-linaria-css-to-undefined,0.3.6,,2026-08-04T11:16:04.357Z,2026-08-04T11:21:32.873Z
npm,,babel-plugin-linaria-css-to-undefined,0.3.7,,2026-08-04T11:16:22.637Z,2026-08-04T11:21:28.758Z
npm,,pob-test-typescript-package-in-monorepo,4.2.9,,2026-08-04T11:16:40.890Z,2026-08-04T11:21:30.402Z
npm,,pob-test-package-in-monorepo,5.2.8,,2026-08-04T11:16:40.900Z,2026-08-04T11:21:38.965Z
npm,,pob-test-typescript-package-in-monorepo,4.2.8,,2026-08-04T11:16:22.989Z,2026-08-04T11:21:32.556Z
npm,,pob-test-typescript-package-in-monorepo,4.2.7,,2026-08-04T11:16:04.665Z,2026-08-04T11:21:39.321Z
npm,,pob-test-package-in-monorepo,5.2.6,,2026-08-04T11:16:04.497Z,2026-08-04T11:21:29.988Z
npm,@ornikar,storybook-config,12.1.7,,2026-08-04T11:16:23.093Z,2026-08-04T11:21:38.236Z
npm,@ornikar,eslint-config-react,24.0.6,,2026-08-04T11:16:04.547Z,2026-08-04T11:21:30.313Z
npm,@ornikar,eslint-config-react,24.0.7,,2026-08-04T11:16:22.997Z,2026-08-04T11:21:33.372Z
npm,@ornikar,eslint-config-babel,24.0.7,,2026-08-04T11:16:04.915Z,2026-08-04T11:22:21.345Z
npm,@ornikar,jest-config,13.0.8,,2026-08-04T11:16:04.504Z,2026-08-04T11:21:29.829Z
npm,@ornikar,eslint-config-node,12.2.6,,2026-08-04T11:16:22.777Z,2026-08-04T11:21:40.941Z
npm,@ornikar,babel-preset-kitt-universal,8.0.8,,2026-08-04T11:16:23.100Z,2026-08-04T11:21:40.894Z
npm,@ornikar,storybook-config,12.1.6,,2026-08-04T11:16:04.719Z,2026-08-04T11:21:34.659Z
npm,@ornikar,repo-config-react-legacy-css,15.1.8,,2026-08-04T11:16:04.379Z,2026-08-04T11:21:38.343Z
npm,@ornikar,repo-config-react,13.0.14,,2026-08-04T11:16:04.501Z,2026-08-04T11:21:44.106Z
npm,@ornikar,eslint-config-node,12.2.5,,2026-08-04T11:16:04.243Z,2026-08-04T11:21:30.749Z
npm,@ornikar,repo-config-react,13.0.15,,2026-08-04T11:16:23.438Z,2026-08-04T11:21:41.205Z
npm,@ornikar,eslint-config-typescript-react,24.0.7,,2026-08-04T11:16:23.223Z,2026-08-04T11:21:29.729Z
npm,@ornikar,babel-preset-kitt-universal,8.0.7,,2026-08-04T11:16:04.542Z,2026-08-04T11:21:31.734Z
npm,@ornikar,eslint-config-typescript-react,24.0.6,,2026-08-04T11:16:05.201Z,2026-08-04T11:21:38.911Z
npm,@ornikar,browserslist-config,8.0.9,,2026-08-04T11:16:22.730Z,2026-08-04T11:21:29.575Z
npm,@ornikar,jest-config,13.0.9,,2026-08-04T11:16:22.823Z,2026-08-04T11:21:38.688Z
npm,@ornikar,repo-config-react-legacy-css,15.1.9,,2026-08-04T11:16:22.773Z,2026-08-04T11:21:32.094Z
npm,@ornikar,browserslist-config,8.0.8,,2026-08-04T11:16:04.364Z,2026-08-04T11:21:39.088Z
npm,@ornikar,repo-config,15.3.9,,2026-08-04T11:16:23.255Z,2026-08-04T11:21:32.603Z
npm,@ornikar,jest-config-react-native,17.0.8,,2026-08-04T11:16:22.914Z,2026-08-04T11:21:41.016Z
npm,@ornikar,jest-config-react-native,17.0.7,,2026-08-04T11:16:04.496Z,2026-08-04T11:21:30.173Z
npm,@ornikar,eslint-config-babel,24.0.8,,2026-08-04T11:16:22.933Z,2026-08-04T11:21:43.850Z
npm,@ornikar,repo-config,15.3.8,,2026-08-04T11:16:04.628Z,2026-08-04T11:21:32.341Z
npm,,frontend-orb,4.4.9,,2026-08-04T11:16:40.828Z,2026-08-04T11:21:47.055Z
npm,@ornikar,eslint-config-typescript,24.0.5,,2026-08-04T11:16:04.675Z,2026-08-04T11:21:40.621Z
npm,@ornikar,jest-config-react,18.0.8,,2026-08-04T11:16:22.985Z,2026-08-04T11:21:41.993Z
npm,,frontend-orb,4.4.8,,2026-08-04T11:16:22.967Z,2026-08-04T11:21:34.778Z
npm,@ornikar,jest-config-react,18.0.7,,2026-08-04T11:16:04.405Z,2026-08-04T11:21:35.547Z
npm,,frontend-orb,4.4.7,,2026-08-04T11:16:04.716Z,2026-08-04T11:21:33.464Z
npm,@ornikar,eslint-config,24.0.8,,2026-08-04T11:16:22.885Z,2026-08-04T11:21:33.659Z
npm,@ornikar,prettier-config,9.0.8,,2026-08-04T11:16:04.288Z,2026-08-04T11:21:35.043Z
npm,@ornikar,eslint-config,24.0.7,,2026-08-04T11:16:04.564Z,2026-08-04T11:21:31.311Z
npm,@ornikar,eslint-config-typescript,24.0.6,,2026-08-04T11:16:23.313Z,2026-08-04T11:21:34.396Z
npm,@ornikar,eslint-config-typescript-nestjs,24.0.6,,2026-08-04T11:16:04.757Z,2026-08-04T11:21:33.048Z
npm,@ornikar,renovate-config,9.0.8,,2026-08-04T11:16:04.431Z,2026-08-04T11:21:35.589Z
npm,@ornikar,renovate-config,9.0.9,,2026-08-04T11:16:23.195Z,2026-08-04T11:21:41.354Z
npm,@ornikar,prettier-config,9.0.9,,2026-08-04T11:16:23.087Z,2026-08-04T11:22:08.800Z
npm,@ornikar,babel-preset-react,6.1.9,,2026-08-04T11:16:04.369Z,2026-08-04T11:21:30.506Z
npm,@ornikar,eslint-config-typescript-nestjs,24.0.7,,2026-08-04T11:16:23.248Z,2026-08-04T11:21:38.880Z
npm,@ornikar,intl-config,10.0.8,,2026-08-04T11:16:22.883Z,2026-08-04T11:21:31.029Z
npm,@ornikar,commitlint-config,8.3.7,,2026-08-04T11:16:04.476Z,2026-08-04T11:21:35.199Z
npm,@ornikar,intl-config,10.0.7,,2026-08-04T11:16:04.240Z,2026-08-04T11:21:33.974Z
npm,@ornikar,commitlint-config,8.3.8,,2026-08-04T11:16:22.694Z,2026-08-04T11:21:29.866Z
npm,@ornikar,postcss-config,9.1.7,,2026-08-04T11:16:04.304Z,2026-08-04T11:21:42.625Z
npm,@ornikar,jest-config-react-native-web,12.0.8,,2026-08-04T11:16:04.528Z,2026-08-04T11:21:46.342Z
npm,@ornikar,babel-preset-base,6.0.9,,2026-08-04T11:16:04.343Z,2026-08-04T11:21:29.909Z
npm,@ornikar,jest-config-react-native-web,12.0.9,,2026-08-04T11:16:22.855Z,2026-08-04T11:21:30.493Z
npm,@ornikar,react-native-svg-transformer,1.0.10,,2026-08-04T11:16:04.510Z,2026-08-04T11:21:40.392Z
npm,@ornikar,react-native-svg-transformer,1.0.11,,2026-08-04T11:16:23.508Z,2026-08-04T11:21:39.112Z
npm,@ornikar,babel-preset-base,6.0.10,,2026-08-04T11:16:22.677Z,2026-08-04T11:21:34.345Z
npm,@ornikar,babel-preset-react,6.1.10,,2026-08-04T11:16:22.923Z,2026-08-04T11:21:40.255Z
npm,@ornikar,postcss-config,9.1.8,,2026-08-04T11:16:22.836Z,2026-08-04T11:21:33.446Z
npm,@ornikar,webpack-config,12.0.8,,2026-08-04T11:16:23.081Z,2026-08-04T11:21:38.452Z
npm,@ornikar,graphql-config,1.1.7,,2026-08-04T11:16:22.675Z,2026-08-04T11:21:33.658Z
npm,@ornikar,webpack-config,12.0.7,,2026-08-04T11:16:04.398Z,2026-08-04T11:21:38.294Z
npm,@ornikar,prismic-components,0.0.8,,2026-08-04T11:16:23.120Z,2026-08-04T11:21:30.668Z
npm,@ornikar,kitt2,1.0.6,,2026-08-04T11:16:04.643Z,2026-08-04T11:21:33.361Z
npm,@ornikar,eslint-config-babel-use,13.2.7,,2026-08-04T11:16:04.447Z,2026-08-04T11:21:32.925Z
npm,@ornikar,graphql-config,1.1.6,,2026-08-04T11:16:04.418Z,2026-08-04T11:21:33.721Z
npm,@ornikar,typed-css-modules-loader,0.8.7,,2026-08-04T11:16:04.250Z,2026-08-04T11:21:37.915Z
npm,@ornikar,prismic-components,0.0.7,,2026-08-04T11:16:04.520Z,2026-08-04T11:21:37.760Z
npm,@ornikar,apollo-link-timeout,1.4.6,,2026-08-04T11:16:04.560Z,2026-08-04T11:21:39.498Z
npm,@ornikar,slate-react-fork,1.0.6,,2026-08-04T11:16:04.756Z,2026-08-04T11:21:40.123Z
npm,@ornikar,eslint-config-babel-use,13.2.8,,2026-08-04T11:16:23.014Z,2026-08-04T11:21:34.353Z
npm,@ornikar,typed-css-modules-loader,0.8.8,,2026-08-04T11:16:23.255Z,2026-08-04T11:21:34.016Z
npm,@ornikar,slate-react-fork,1.0.7,,2026-08-04T11:16:22.951Z,2026-08-04T11:21:32.941Z
npm,@ornikar,kitt2,1.0.7,,2026-08-04T11:16:23.159Z,2026-08-04T11:21:33.352Z
npm,,verdaccio-tarball-local-storage,38.1.11,,2026-08-04T11:21:44.043Z,2026-08-04T11:23:40.318Z
npm,,verdaccio-okta-oauth,38.1.11,,2026-08-04T11:21:43.532Z,2026-08-04T11:23:37.755Z
npm,,eslint-plugin-folder-schema,1.0.16,,2026-08-04T11:21:43.713Z,2026-08-04T11:23:54.897Z
npm,,tslint-folder-schema,1.0.16,,2026-08-04T11:21:43.728Z,2026-08-04T11:23:35.204Z
npm,,folder-lint,1.0.16,,2026-08-04T11:21:43.581Z,2026-08-04T11:23:37.619Z
npm,,editable-contracts,0.0.22,,2026-08-04T11:21:44.012Z,2026-08-04T11:23:43.199Z
npm,@servicetitan,suppress-warnings,38.1.5,,2026-08-04T11:21:43.635Z,2026-08-04T11:27:00.924Z
npm,@servicetitan,react-ioc,38.1.5,,2026-08-04T11:21:43.870Z,2026-08-04T11:26:43.135Z
npm,@servicetitan,folder-lint,38.1.5,,2026-08-04T11:21:43.823Z,2026-08-04T11:26:43.161Z
npm,@servicetitan,link-item,41.3.5,,2026-08-04T11:21:43.777Z,2026-08-04T11:26:44.848Z
npm,@servicetitan,ko-bridge,38.1.5,,2026-08-04T11:21:43.890Z,2026-08-04T11:26:42.948Z
npm,@servicetitan,confirm-navigation,41.3.5,,2026-08-04T11:21:43.789Z,2026-08-04T11:26:50.609Z
npm,@servicetitan,web-components,38.1.5,,2026-08-04T11:21:44.025Z,2026-08-04T11:26:43.568Z
npm,@servicetitan,log-service,38.1.5,,2026-08-04T11:21:43.840Z,2026-08-04T11:26:45.932Z
npm,@servicetitan,cp-mfe-dev,1.115.5,,2026-08-04T11:21:43.834Z,2026-08-04T11:26:51.261Z
npm,@servicetitan,eslint-plugin-folder-schema,38.1.5,,2026-08-04T11:21:43.762Z,2026-08-04T11:26:42.321Z
npm,@servicetitan,lazy-module,38.1.5,,2026-08-04T11:21:44.047Z,2026-08-04T11:26:48.364Z
npm,@servicetitan,culture,41.3.5,,2026-08-04T11:21:43.788Z,2026-08-04T11:26:43.122Z
npm,@servicetitan,anvil-css-utilities,14.5.8,,2026-08-04T11:21:43.920Z,2026-08-04T11:26:44.732Z
npm,@servicetitan,error-boundary,38.1.5,,2026-08-04T11:21:43.743Z,2026-08-04T11:26:43.933Z
npm,@servicetitan,datetime-utils,41.3.5,,2026-08-04T11:21:43.729Z,2026-08-04T11:26:42.323Z
npm,@servicetitan,anvil-icons,14.5.8,,2026-08-04T11:21:43.662Z,2026-08-04T11:26:46.796Z
npm,@servicetitan,cp-api,1.115.5,,2026-08-04T11:21:43.984Z,2026-08-04T11:26:47.169Z
npm,@servicetitan,anvil-fonts,14.5.8,,2026-08-04T11:21:43.845Z,2026-08-04T11:26:57.256Z
npm,@servicetitan,titan-chatbot-ui-cypress,9.0.5,,2026-08-04T11:21:43.836Z,2026-08-04T11:26:42.116Z
npm,@servicetitan,carto-tokens,0.3.5,,2026-08-04T11:21:43.724Z,2026-08-04T11:26:46.184Z
npm,@servicetitan,admin-layout,2.4.7,,2026-08-04T11:21:43.769Z,2026-08-04T11:26:54.524Z
npm,@servicetitan,anvil2-ext-mwv,0.0.9,,2026-08-04T11:21:43.845Z,2026-08-04T11:26:54.503Z
npm,@servicetitan,eslint-plugin-processors-stub,12.8.19,,2026-08-04T11:21:43.802Z,2026-08-04T11:26:45.362Z
npm,@servicetitan,eslint-plugin-mobx-6,12.8.18,,2026-08-04T11:21:43.812Z,2026-08-04T11:26:48.352Z
npm,@servicetitan,cp-react-hooks,1.115.5,,2026-08-04T11:21:43.652Z,2026-08-04T11:26:48.559Z
npm,@servicetitan,microfront-tests,0.0.15,,2026-08-04T11:21:43.651Z,2026-08-04T11:26:44.264Z
npm,@servicetitan,docs-anvil-uikit-contrib,41.3.5,,2026-08-04T11:21:43.632Z,2026-08-04T11:26:43.627Z
npm,@servicetitan,carto-charts-core,0.0.6,,2026-08-04T11:21:43.625Z,2026-08-04T11:26:44.404Z
npm,@servicetitan,acquisition-functions,5.22.5,,2026-08-04T11:21:43.834Z,2026-08-04T11:26:44.158Z
npm,@servicetitan,microfront,0.0.6,,2026-08-04T11:21:43.863Z,2026-08-04T11:26:43.393Z
npm,@servicetitan,thoughtspot-theme,1.7.5,,2026-08-04T11:21:43.834Z,2026-08-04T11:26:50.498Z
npm,@servicetitan,kendo-theme,0.0.31,,2026-08-04T11:21:43.522Z,2026-08-04T11:26:51.136Z
npm,@servicetitan,marketing-route,1.2.5,,2026-08-04T11:21:43.880Z,2026-08-04T11:26:44.887Z
npm,@servicetitan,carto-charts-react,0.0.6,,2026-08-04T11:21:43.734Z,2026-08-04T11:26:44.994Z
npm,@servicetitan,marketing-form,0.1.6,,2026-08-04T11:21:43.790Z,2026-08-04T11:26:50.939Z
npm,@servicetitan,eh-module-communication,0.2.5,,2026-08-04T11:21:43.741Z,2026-08-04T11:26:47.469Z
npm,@servicetitan,feature-spotlight,3.9.5,,2026-08-04T11:21:43.792Z,2026-08-04T11:26:46.821Z
npm,@servicetitan,document-title,2.4.5,,2026-08-04T11:21:43.823Z,2026-08-04T11:26:44.907Z
npm,@servicetitan,ld-type-generator,0.2.5,,2026-08-04T11:21:43.604Z,2026-08-04T11:26:43.084Z
npm,@servicetitan,schema-comparison,0.1.7,,2026-08-04T11:21:43.787Z,2026-08-04T11:26:55.278Z
npm,@servicetitan,micro-frontend,0.0.8,,2026-08-04T11:21:43.755Z,2026-08-04T11:26:46.126Z
npm,@servicetitan,unit-tests,0.0.6,,2026-08-04T11:21:43.770Z,2026-08-04T11:26:46.505Z
npm,@servicetitan,startup-jest,2.2.5,,2026-08-04T11:21:43.542Z,2026-08-04T11:26:49.328Z
npm,@servicetitan,assist-utils,1.1.6,,2026-08-04T11:21:43.766Z,2026-08-04T11:26:53.128Z
npm,@servicetitan,modularpayments-webfields,1.0.57,,2026-08-04T11:21:43.823Z,2026-08-04T11:26:44.823Z
npm,@servicetitan,widget-platform,5.6.5,,2026-08-04T11:21:43.837Z,2026-08-04T11:26:49.832Z
npm,@servicetitan,contentful-proxy,1.1.16,,2026-08-04T11:21:43.575Z,2026-08-04T11:26:53.165Z
npm,@servicetitan,anvil2-mcp,0.0.13,,2026-08-04T11:21:43.707Z,2026-08-04T11:26:53.221Z
npm,@servicetitan,toolbelt-shared-registry,1.14.5,,2026-08-04T11:21:43.995Z,2026-08-04T11:26:44.398Z
npm,@servicetitan,microfront-utils,1.4.5,,2026-08-04T11:21:43.923Z,2026-08-04T11:26:44.336Z
npm,@servicetitan,skeleton,9.2.8,,2026-08-04T11:21:43.835Z,2026-08-04T11:26:44.216Z
npm,@servicetitan,anvil2-illustrations,1.0.6,,2026-08-04T11:21:43.742Z,2026-08-04T11:26:48.718Z
npm,@servicetitan,component-usage,28.5.5,,2026-08-04T11:21:44.266Z,2026-08-04T11:27:45.231Z
npm,@servicetitan,eslint-config,38.1.5,,2026-08-04T11:21:43.839Z,2026-08-04T11:27:54.623Z
npm,@servicetitan,confirm,41.3.5,,2026-08-04T11:21:44.627Z,2026-08-04T11:28:00.608Z
npm,@servicetitan,tokens,12.9.5,,2026-08-04T11:21:45.393Z,2026-08-04T11:27:49.162Z
npm,@servicetitan,anvil2,3.9.5,,2026-08-04T11:21:45.030Z,2026-08-04T11:27:57.803Z
npm,@servicetitan,startup,38.1.5,,2026-08-04T11:21:44.941Z,2026-08-04T11:28:33.325Z
npm,@servicetitan,onboarding-ui,18.5.5,,2026-08-04T11:21:45.545Z,2026-08-04T11:28:04.254Z
npm,@servicetitan,notifications,41.3.5,,2026-08-04T11:21:44.242Z,2026-08-04T11:27:45.996Z
npm,@servicetitan,marketing-integration-widgets,1.0.44,,2026-08-04T11:21:44.587Z,2026-08-04T11:27:52.252Z
npm,@servicetitan,moneyout-api-client,1.29.5,,2026-08-04T11:21:44.263Z,2026-08-04T11:27:51.817Z
npm,@servicetitan,table,41.3.5,,2026-08-04T11:21:44.620Z,2026-08-04T11:27:55.516Z
npm,@servicetitan,anvil-themes,14.5.8,,2026-08-04T11:21:43.883Z,2026-08-04T11:27:53.613Z
npm,@servicetitan,mfe-quick-actions,0.5.53,,2026-08-04T11:21:45.489Z,2026-08-04T11:28:03.408Z
npm,@servicetitan,design-system,14.5.8,,2026-08-04T11:21:44.826Z,2026-08-04T11:27:53.400Z
npm,@servicetitan,data-query,41.3.5,,2026-08-04T11:21:44.550Z,2026-08-04T11:27:48.443Z
npm,@servicetitan,marketing-ui,9.3.5,,2026-08-04T11:21:44.692Z,2026-08-04T11:28:07.002Z
npm,@servicetitan,restrict-imports,38.1.5,,2026-08-04T11:21:44.055Z,2026-08-04T11:27:52.852Z
npm,@servicetitan,ajax-handlers,38.1.5,,2026-08-04T11:21:44.595Z,2026-08-04T11:27:47.379Z
npm,@servicetitan,admin-sql-table,1.0.18,,2026-08-04T11:21:43.970Z,2026-08-04T11:27:55.089Z
npm,@servicetitan,form-state,41.3.5,,2026-08-04T11:21:44.318Z,2026-08-04T11:27:46.663Z
npm,@servicetitan,cp-ui,1.115.5,,2026-08-04T11:21:44.792Z,2026-08-04T11:28:14.599Z
npm,@servicetitan,form,41.3.5,,2026-08-04T11:21:45.521Z,2026-08-04T11:27:50.222Z
npm,@servicetitan,eslint-plugin,38.1.5,,2026-08-04T11:21:44.512Z,2026-08-04T11:27:54.162Z
npm,@servicetitan,stylelint-config,38.1.5,,2026-08-04T11:21:44.063Z,2026-08-04T11:27:58.315Z
npm,@servicetitan,navigation,14.1.5,,2026-08-04T11:21:44.218Z,2026-08-04T11:28:00.974Z
npm,@servicetitan,cp-mfe,1.115.5,,2026-08-04T11:21:44.118Z,2026-08-04T11:27:48.451Z
npm,@servicetitan,hash-browser-router,38.1.5,,2026-08-04T11:21:44.059Z,2026-08-04T11:27:51.848Z
npm,@servicetitan,anvil2-ext-charts,0.2.8,,2026-08-04T11:21:43.899Z,2026-08-04T11:27:57.301Z
npm,@servicetitan,marketing-email-components,20.2.7,,2026-08-04T11:21:45.005Z,2026-08-04T11:27:48.980Z
npm,@servicetitan,mpa-components,2.5.5,,2026-08-04T11:21:44.930Z,2026-08-04T11:27:52.913Z
npm,@servicetitan,carto-rn-kit,0.0.14,,2026-08-04T11:21:44.585Z,2026-08-04T11:28:09.168Z
npm,@servicetitan,responsive,6.1.5,,2026-08-04T11:21:45.047Z,2026-08-04T11:28:01.230Z
npm,@servicetitan,launchdarkly-service,38.1.5,,2026-08-04T11:21:44.380Z,2026-08-04T11:27:52.757Z
npm,@servicetitan,standalone-core-feature-gates,1.11.8,,2026-08-04T11:21:44.056Z,2026-08-04T11:27:50.028Z
npm,@servicetitan,docs-uikit,38.1.5,,2026-08-04T11:21:44.570Z,2026-08-04T11:27:46.055Z
npm,@servicetitan,titan-chatbot-ui-anvil2,9.0.5,,2026-08-04T11:21:45.273Z,2026-08-04T11:27:49.121Z
npm,@servicetitan,anvil2-ext-common,0.7.5,,2026-08-04T11:21:44.286Z,2026-08-04T11:27:54.990Z
npm,@servicetitan,json-render-react,0.4.10,,2026-08-04T11:21:44.244Z,2026-08-04T11:27:49.930Z
npm,@servicetitan,testing-library,6.6.5,,2026-08-04T11:21:44.351Z,2026-08-04T11:27:58.010Z
npm,@servicetitan,standalone-ui,2.2.8,,2026-08-04T11:21:44.255Z,2026-08-04T11:27:52.386Z
npm,@servicetitan,carto-react-kit,0.8.8,,2026-08-04T11:21:44.901Z,2026-08-04T11:27:49.366Z
npm,@servicetitan,html-sketchapp,4.2.12,,2026-08-04T11:21:44.242Z,2026-08-04T11:27:53.433Z
npm,@servicetitan,titan-chat-ui,7.1.7,,2026-08-04T11:21:45.086Z,2026-08-04T11:28:04.408Z
npm,@servicetitan,titan-chat-ui-common,9.0.5,,2026-08-04T11:21:44.122Z,2026-08-04T11:27:51.756Z
npm,@servicetitan,react-hooks,7.7.5,,2026-08-04T11:21:44.151Z,2026-08-04T11:27:50.494Z
npm,@servicetitan,hammer-react,1.42.6,,2026-08-04T11:21:45.331Z,2026-08-04T11:27:55.647Z
npm,@servicetitan,standalone-root,1.11.7,,2026-08-04T11:21:44.598Z,2026-08-04T11:27:57.205Z
npm,@servicetitan,help-center,1.0.12,,2026-08-04T11:21:44.411Z,2026-08-04T11:27:55.961Z
npm,@servicetitan,startup-mfe-compat,0.5.5,,2026-08-04T11:21:44.651Z,2026-08-04T11:27:48.640Z
npm,@servicetitan,anvil2-ext-atlas,4.0.6,,2026-08-04T11:21:45.379Z,2026-08-04T11:27:50.862Z
npm,@servicetitan,anvil-icon,0.5.5,,2026-08-04T11:21:44.564Z,2026-08-04T11:27:53.776Z
npm,@servicetitan,titan-chat-ui-anvil2,9.0.5,,2026-08-04T11:21:45.175Z,2026-08-04T11:27:51.123Z
npm,@servicetitan,install,38.1.5,,2026-08-04T11:21:44.438Z,2026-08-04T11:27:53.239Z
npm,@servicetitan,grid,0.0.67,,2026-08-04T11:21:45.506Z,2026-08-04T11:27:51.989Z
npm,@servicetitan,hammer-token,3.1.5,,2026-08-04T11:21:44.385Z,2026-08-04T11:27:50.852Z
npm,@servicetitan,assist-ui,2.1.5,,2026-08-04T11:21:45.389Z,2026-08-04T11:27:51.613Z
npm,@servicetitan,titan-chatbot-ui,7.1.7,,2026-08-04T11:21:44.481Z,2026-08-04T11:27:53.100Z
npm,@servicetitan,dte-unlayer,0.150.5,,2026-08-04T11:21:44.621Z,2026-08-04T11:28:03.283Z
npm,@servicetitan,time-zones,3.8.5,,2026-08-04T11:21:44.189Z,2026-08-04T11:27:52.880Z
npm,@servicetitan,dte-pdf-editor,1.76.5,,2026-08-04T11:21:44.515Z,2026-08-04T11:28:03.078Z
npm,@servicetitan,widget-platform-monolith,5.6.5,,2026-08-04T11:21:44.073Z,2026-08-04T11:27:51.603Z
npm,@servicetitan,titan-chatbot-client,2.1.7,,2026-08-04T11:21:44.855Z,2026-08-04T11:27:57.468Z
npm,@servicetitan,marketing-global-route,1.14.5,,2026-08-04T11:21:44.279Z,2026-08-04T11:27:54.802Z
npm,@servicetitan,hammer-icon,1.2.5,,2026-08-04T11:21:44.681Z,2026-08-04T11:28:00.571Z
npm,@servicetitan,standalone-feature-flags,2.3.6,,2026-08-04T11:21:44.296Z,2026-08-04T11:27:58.073Z
npm,@servicetitan,datadog-rum,38.1.5,,2026-08-04T11:21:44.288Z,2026-08-04T11:28:00.144Z
npm,@servicetitan,carto-charts-rn,0.0.6,,2026-08-04T11:21:44.162Z,2026-08-04T11:27:56.970Z
npm,@servicetitan,startup-utils,38.1.5,,2026-08-04T11:21:44.204Z,2026-08-04T11:27:48.844Z
npm,@servicetitan,quick-actions,1.15.6,,2026-08-04T11:21:44.338Z,2026-08-04T11:28:02.475Z
npm,@servicetitan,eslint-plugin-decorators-declare,12.8.19,,2026-08-04T11:21:43.981Z,2026-08-04T11:28:00.082Z
npm,@servicetitan,tanstack-query-mobx,6.2.5,,2026-08-04T11:21:44.852Z,2026-08-04T11:27:54.791Z
npm,@servicetitan,anvil-react,0.11.7,,2026-08-04T11:21:44.389Z,2026-08-04T11:27:52.997Z
npm,@servicetitan,titan-chatbot-api,9.0.5,,2026-08-04T11:21:44.874Z,2026-08-04T11:27:58.488Z
npm,@servicetitan,titan-chat-ui-cypress,2.1.7,,2026-08-04T11:21:44.071Z,2026-08-04T11:27:56.439Z
npm,@servicetitan,forge,0.5.5,,2026-08-04T11:21:45.100Z,2026-08-04T11:27:54.404Z
npm,@servicetitan,anvil2-codemods,0.11.6,,2026-08-04T11:21:45.071Z,2026-08-04T11:27:59.184Z
npm,@servicetitan,intl,7.2.5,,2026-08-04T11:21:45.012Z,2026-08-04T11:27:53.351Z
npm,@servicetitan,anvil-token,0.4.5,,2026-08-04T11:21:44.203Z,2026-08-04T11:27:56.927Z
npm,@servicetitan,examples,1.2.9,,2026-08-04T11:21:44.697Z,2026-08-04T11:27:52.023Z
npm,@servicetitan,temporal-lite,3.4.5,,2026-08-04T11:21:44.481Z,2026-08-04T11:27:49.839Z
npm,@servicetitan,marketing-widgets,1.0.5,,2026-08-04T11:21:44.733Z,2026-08-04T11:27:52.060Z
npm,@servicetitan,measure-sheet-data,2.6.5,,2026-08-04T11:21:44.618Z,2026-08-04T11:28:14.367Z
npm,@servicetitan,va-mfe-loader,1.1.5,,2026-08-04T11:21:43.991Z,2026-08-04T11:27:51.127Z
npm,@servicetitan,standalone-tm-api,1.1.5,,2026-08-04T11:21:44.218Z,2026-08-04T11:27:50.215Z
npm,@servicetitan,contentful,0.0.7,,2026-08-04T11:21:44.101Z,2026-08-04T11:27:53.050Z
npm,@servicetitan,line-item-editor,1.5.5,,2026-08-04T11:21:44.889Z,2026-08-04T11:27:54.793Z
npm,@servicetitan,marketing-direct-mail-components,20.1.5,,2026-08-04T11:21:45.125Z,2026-08-04T11:27:59.455Z
npm,@servicetitan,uikit-docs,22.11.5,,2026-08-04T11:21:43.659Z,2026-08-04T11:27:50.159Z
npm,@servicetitan,microfront-auth,0.0.9,,2026-08-04T11:21:44.047Z,2026-08-04T11:28:01.888Z
npm,,verdaccio-okta-oauth,38.1.12,,2026-08-04T11:29:09.943Z,2026-08-04T11:34:46.487Z
npm,,verdaccio-okta-oauth,38.1.13,,2026-08-04T11:32:45.618Z,2026-08-04T11:34:45.789Z
npm,,verdaccio-tarball-local-storage,38.1.13,,2026-08-04T11:32:44.544Z,2026-08-04T11:34:44.497Z
npm,,eslint-plugin-folder-schema,1.0.17,,2026-08-04T11:29:09.476Z,2026-08-04T11:34:48.029Z
npm,,verdaccio-tarball-local-storage,38.1.12,,2026-08-04T11:29:09.771Z,2026-08-04T11:34:45.202Z
npm,,editable-contracts,0.0.23,,2026-08-04T11:29:10.122Z,2026-08-04T11:34:50.552Z
npm,,eslint-plugin-folder-schema,1.0.18,,2026-08-04T11:32:44.514Z,2026-08-04T11:34:46.090Z
npm,,folder-lint,1.0.17,,2026-08-04T11:29:09.442Z,2026-08-04T11:34:44.030Z
npm,,tslint-folder-schema,1.0.17,,2026-08-04T11:29:09.373Z,2026-08-04T11:34:45.787Z
npm,,editable-contracts,0.0.24,,2026-08-04T11:32:45.836Z,2026-08-04T11:34:44.882Z
npm,,folder-lint,1.0.18,,2026-08-04T11:32:44.706Z,2026-08-04T11:34:52.624Z
npm,,tslint-folder-schema,1.0.18,,2026-08-04T11:32:44.671Z,2026-08-04T11:34:45.290Z
npm,,verdaccio-tarball-local-storage,38.1.14,,2026-08-04T11:35:34.807Z,2026-08-04T11:37:49.414Z
npm,,verdaccio-okta-oauth,38.1.14,,2026-08-04T11:35:35.477Z,2026-08-04T11:37:50.537Z
npm,,tslint-folder-schema,1.0.19,,2026-08-04T11:35:34.658Z,2026-08-04T11:37:51.412Z
npm,,folder-lint,1.0.19,,2026-08-04T11:35:34.767Z,2026-08-04T11:37:54.501Z
npm,,eslint-plugin-folder-schema,1.0.19,,2026-08-04T11:35:34.945Z,2026-08-04T11:38:00.259Z
npm,,editable-contracts,0.0.25,,2026-08-04T11:35:35.493Z,2026-08-04T11:37:51.859Z
npm,@ornikar,apollo-link-timeout,1.4.7,,2026-08-04T11:16:22.791Z,2026-08-04T11:45:38.967Z
npm,,pob-test-package-in-monorepo,5.2.9,,2026-08-04T11:40:09.472Z,2026-08-04T11:45:38.591Z
npm,,babel-plugin-linaria-css-to-undefined,0.3.9,,2026-08-04T11:40:09.320Z,2026-08-04T11:45:37.709Z
npm,,native-frontend-orb,1.1.11,,2026-08-04T11:40:09.392Z,2026-08-04T11:45:41.612Z
npm,,pob-test-typescript-package-in-monorepo,4.2.10,,2026-08-04T11:40:09.312Z,2026-08-04T11:45:38.123Z
npm,,frontend-orb,4.4.10,,2026-08-04T11:40:09.539Z,2026-08-04T11:45:43.314Z
npm,,rwc-client,0.29.16,,2026-08-04T11:41:53.767Z,2026-08-04T11:46:57.301Z
npm,,conv-context-next,1.0.8,,2026-08-04T11:43:04.998Z,2026-08-04T11:46:51.976Z
npm,,conv-context-next,1.0.7,,2026-08-04T11:41:50.863Z,2026-08-04T11:46:49.418Z
npm,,rwc-client,0.29.17,,2026-08-04T11:43:08.641Z,2026-08-04T11:46:57.953Z
npm,,example-js-project,1.0.9,,2026-08-04T11:43:05.239Z,2026-08-04T11:46:38.799Z
npm,,example-js-project,1.0.7,,2026-08-04T11:13:09.636Z,2026-08-04T11:46:53.888Z
npm,,example-js-project,1.0.8,,2026-08-04T11:41:51.395Z,2026-08-04T11:46:46.254Z
npm,@ornikar,lerna-config,11.0.7,,2026-08-04T11:16:23.445Z,2026-08-04T11:47:10.380Z
npm,@servicetitan,hammer-react,1.42.7,,2026-08-04T11:50:32.820Z,2026-08-04T11:55:54.729Z
npm,@servicetitan,react-ioc,38.1.6,,2026-08-04T11:50:32.838Z,2026-08-04T11:55:50.743Z
npm,@servicetitan,eslint-plugin-folder-schema,38.1.6,,2026-08-04T11:50:32.599Z,2026-08-04T11:55:57.938Z
npm,@servicetitan,startup,38.1.6,,2026-08-04T11:50:32.780Z,2026-08-04T11:56:00.916Z
npm,@servicetitan,anvil-icons,14.5.9,,2026-08-04T11:50:32.601Z,2026-08-04T11:55:58.728Z
npm,@servicetitan,suppress-warnings,38.1.6,,2026-08-04T11:50:32.211Z,2026-08-04T11:55:47.461Z
npm,@servicetitan,link-item,41.3.6,,2026-08-04T11:50:32.546Z,2026-08-04T11:55:50.282Z
npm,@servicetitan,error-boundary,38.1.6,,2026-08-04T11:50:32.247Z,2026-08-04T11:55:54.962Z
npm,@servicetitan,lazy-module,38.1.6,,2026-08-04T11:50:32.571Z,2026-08-04T11:55:56.214Z
npm,@servicetitan,culture,41.3.6,,2026-08-04T11:50:32.589Z,2026-08-04T11:55:48.825Z
npm,@servicetitan,anvil-themes,14.5.9,,2026-08-04T11:50:32.277Z,2026-08-04T11:55:49.819Z
npm,@servicetitan,anvil-fonts,14.5.9,,2026-08-04T11:50:32.855Z,2026-08-04T11:55:53.284Z
npm,@servicetitan,anvil-css-utilities,14.5.9,,2026-08-04T11:50:32.527Z,2026-08-04T11:55:48.984Z
npm,@servicetitan,docs-uikit,38.1.6,,2026-08-04T11:50:32.700Z,2026-08-04T11:55:50.391Z
npm,@servicetitan,titan-chat-ui-cypress,2.1.8,,2026-08-04T11:50:32.381Z,2026-08-04T11:55:48.307Z
npm,@servicetitan,datetime-utils,41.3.6,,2026-08-04T11:50:32.192Z,2026-08-04T11:55:56.420Z
npm,@servicetitan,eslint-plugin-processors-stub,12.8.20,,2026-08-04T11:50:32.411Z,2026-08-04T11:55:48.481Z
npm,@servicetitan,carto-charts-core,0.0.7,,2026-08-04T11:50:32.323Z,2026-08-04T11:56:00.862Z
npm,@servicetitan,anvil2-illustrations,1.0.7,,2026-08-04T11:50:32.286Z,2026-08-04T11:55:54.132Z
npm,@servicetitan,marketing-integration-widgets,1.0.45,,2026-08-04T11:50:32.913Z,2026-08-04T11:55:55.138Z
npm,@servicetitan,startup-jest,2.2.6,,2026-08-04T11:50:32.341Z,2026-08-04T11:55:56.571Z
npm,,eslint-plugin-folder-schema,1.0.20,,2026-08-04T11:50:32.244Z,2026-08-04T11:55:48.853Z
npm,,tslint-folder-schema,1.0.20,,2026-08-04T11:50:32.257Z,2026-08-04T11:55:54.311Z
npm,@servicetitan,kendo-theme,0.0.32,,2026-08-04T11:50:32.326Z,2026-08-04T11:55:47.901Z
npm,@servicetitan,contentful,0.0.8,,2026-08-04T11:50:32.752Z,2026-08-04T11:55:53.312Z
npm,@servicetitan,carto-charts-react,0.0.7,,2026-08-04T11:50:32.425Z,2026-08-04T11:56:00.380Z
npm,,editable-contracts,0.0.26,,2026-08-04T11:50:32.842Z,2026-08-04T11:55:49.184Z
npm,@servicetitan,uikit-docs,22.11.6,,2026-08-04T11:50:32.399Z,2026-08-04T11:55:56.309Z
npm,@servicetitan,eslint-plugin-decorators-declare,12.8.20,,2026-08-04T11:50:32.376Z,2026-08-04T11:55:47.517Z
npm,@servicetitan,carto-tokens,0.3.6,,2026-08-04T11:50:32.312Z,2026-08-04T11:56:01.203Z
npm,@servicetitan,eslint-plugin-mobx-6,12.8.19,,2026-08-04T11:50:32.544Z,2026-08-04T11:56:27.156Z
npm,@servicetitan,forge,0.5.6,,2026-08-04T11:50:32.897Z,2026-08-04T11:55:53.557Z
npm,@servicetitan,temporal-lite,3.4.6,,2026-08-04T11:50:32.738Z,2026-08-04T11:55:53.301Z
npm,@servicetitan,hammer-icon,1.2.6,,2026-08-04T11:50:32.731Z,2026-08-04T11:56:14.159Z
npm,@servicetitan,carto-rn-kit,0.0.15,,2026-08-04T11:50:32.753Z,2026-08-04T11:56:03.387Z
npm,@servicetitan,modularpayments-webfields,1.0.58,,2026-08-04T11:50:32.352Z,2026-08-04T11:55:57.796Z
npm,@servicetitan,microfront-tests,0.0.16,,2026-08-04T11:50:32.337Z,2026-08-04T11:56:20.944Z
npm,@servicetitan,startup-mfe-compat,0.5.6,,2026-08-04T11:50:32.713Z,2026-08-04T11:55:52.531Z
npm,@servicetitan,help-center,1.0.13,,2026-08-04T11:50:32.683Z,2026-08-04T11:56:31.827Z
npm,,verdaccio-tarball-local-storage,38.1.15,,2026-08-04T11:50:32.357Z,2026-08-04T11:55:53.432Z
npm,@servicetitan,measure-sheet-data,2.6.6,,2026-08-04T11:50:32.637Z,2026-08-04T11:55:54.282Z
npm,,folder-lint,1.0.20,,2026-08-04T11:50:32.715Z,2026-08-04T11:55:53.476Z
npm,@servicetitan,standalone-core-feature-gates,1.11.9,,2026-08-04T11:50:32.901Z,2026-08-04T11:55:54.702Z
npm,@servicetitan,micro-frontend,0.0.9,,2026-08-04T11:50:32.821Z,2026-08-04T11:56:13.463Z
npm,@servicetitan,anvil2-mcp,0.0.14,,2026-08-04T11:50:32.345Z,2026-08-04T11:55:54.296Z
npm,@servicetitan,assist-utils,1.1.7,,2026-08-04T11:50:32.697Z,2026-08-04T11:56:06.698Z
npm,@servicetitan,document-title,2.4.6,,2026-08-04T11:50:32.548Z,2026-08-04T11:55:59.567Z
npm,@servicetitan,ld-type-generator,0.2.6,,2026-08-04T11:50:32.206Z,2026-08-04T11:55:54.624Z
npm,,verdaccio-okta-oauth,38.1.15,,2026-08-04T11:50:32.267Z,2026-08-04T11:55:52.768Z
npm,@servicetitan,standalone-root,1.11.8,,2026-08-04T11:50:32.575Z,2026-08-04T11:55:59.128Z
npm,@servicetitan,va-mfe-loader,1.1.6,,2026-08-04T11:50:32.543Z,2026-08-04T11:55:58.677Z
npm,@servicetitan,widget-platform,5.6.6,,2026-08-04T11:50:32.854Z,2026-08-04T11:56:24.112Z
npm,@servicetitan,dte-unlayer,0.150.6,,2026-08-04T11:50:33.280Z,2026-08-04T11:56:38.436Z
npm,@servicetitan,skeleton,9.2.9,,2026-08-04T11:50:32.956Z,2026-08-04T11:56:32.530Z
npm,@servicetitan,html-sketchapp,4.2.13,,2026-08-04T11:50:33.291Z,2026-08-04T11:56:38.626Z
npm,@servicetitan,grid,0.0.68,,2026-08-04T11:50:33.293Z,2026-08-04T11:56:27.027Z
npm,@servicetitan,form-state,41.3.6,,2026-08-04T11:50:33.294Z,2026-08-04T11:56:30.071Z
npm,@servicetitan,intl,7.2.6,,2026-08-04T11:50:33.557Z,2026-08-04T11:56:27.901Z
npm,@servicetitan,acquisition-functions,5.22.6,,2026-08-04T11:50:32.990Z,2026-08-04T11:56:34.661Z
npm,@servicetitan,titan-chatbot-ui,7.1.8,,2026-08-04T11:50:33.669Z,2026-08-04T11:56:37.922Z
npm,@servicetitan,carto-react-kit,0.8.9,,2026-08-04T11:50:34.188Z,2026-08-04T11:56:29.215Z
npm,@servicetitan,launchdarkly-service,38.1.6,,2026-08-04T11:50:33.349Z,2026-08-04T11:56:29.030Z
npm,@servicetitan,json-render-react,0.4.11,,2026-08-04T11:50:33.446Z,2026-08-04T11:56:32.016Z
npm,@servicetitan,standalone-tm-api,1.1.6,,2026-08-04T11:50:33.046Z,2026-08-04T11:56:36.546Z
npm,@servicetitan,onboarding-ui,18.5.6,,2026-08-04T11:50:33.417Z,2026-08-04T11:56:32.156Z
npm,@servicetitan,eslint-plugin,38.1.6,,2026-08-04T11:50:32.787Z,2026-08-04T11:56:38.296Z
npm,@servicetitan,titan-chatbot-api,9.0.6,,2026-08-04T11:50:33.169Z,2026-08-04T11:56:30.302Z
npm,@servicetitan,standalone-feature-flags,2.3.7,,2026-08-04T11:50:32.997Z,2026-08-04T11:56:30.057Z
npm,@servicetitan,quick-actions,1.15.7,,2026-08-04T11:50:33.751Z,2026-08-04T11:56:29.933Z
npm,@servicetitan,form,41.3.6,,2026-08-04T11:50:33.573Z,2026-08-04T11:56:31.170Z
npm,@servicetitan,restrict-imports,38.1.6,,2026-08-04T11:50:32.960Z,2026-08-04T11:56:28.168Z
npm,@servicetitan,cp-api,1.115.6,,2026-08-04T11:50:33.205Z,2026-08-04T11:56:37.227Z
npm,@servicetitan,notifications,41.3.6,,2026-08-04T11:50:33.393Z,2026-08-04T11:56:32.332Z
npm,@servicetitan,ajax-handlers,38.1.6,,2026-08-04T11:50:33.289Z,2026-08-04T11:56:32.403Z
npm,@servicetitan,moneyout-api-client,1.29.6,,2026-08-04T11:50:32.856Z,2026-08-04T11:56:40.728Z
npm,@servicetitan,responsive,6.1.6,,2026-08-04T11:50:33.231Z,2026-08-04T11:56:46.350Z
npm,@servicetitan,cp-react-hooks,1.115.6,,2026-08-04T11:50:33.001Z,2026-08-04T11:56:30.018Z
npm,@servicetitan,titan-chatbot-ui-cypress,9.0.6,,2026-08-04T11:50:33.076Z,2026-08-04T11:56:29.936Z
npm,@servicetitan,cp-ui,1.115.6,,2026-08-04T11:50:33.146Z,2026-08-04T11:56:32.182Z
npm,@servicetitan,confirm-navigation,41.3.6,,2026-08-04T11:50:33.582Z,2026-08-04T11:56:30.291Z
npm,@servicetitan,folder-lint,38.1.6,,2026-08-04T11:50:33.106Z,2026-08-04T11:56:30.195Z
npm,@servicetitan,confirm,41.3.6,,2026-08-04T11:50:33.291Z,2026-08-04T11:56:33.038Z
npm,@servicetitan,ko-bridge,38.1.6,,2026-08-04T11:50:32.985Z,2026-08-04T11:56:33.683Z
npm,@servicetitan,design-system,14.5.9,,2026-08-04T11:50:32.895Z,2026-08-04T11:56:48.162Z
npm,@servicetitan,component-usage,28.5.6,,2026-08-04T11:50:33.081Z,2026-08-04T11:56:40.501Z
npm,@servicetitan,log-service,38.1.6,,2026-08-04T11:50:33.154Z,2026-08-04T11:56:34.618Z
npm,@servicetitan,eslint-config,38.1.6,,2026-08-04T11:50:33.052Z,2026-08-04T11:56:34.502Z
npm,@servicetitan,cp-mfe,1.115.6,,2026-08-04T11:50:33.586Z,2026-08-04T11:56:32.270Z
npm,@servicetitan,web-components,38.1.6,,2026-08-04T11:50:33.481Z,2026-08-04T11:56:36.300Z
npm,@servicetitan,tokens,12.9.6,,2026-08-04T11:50:33.753Z,2026-08-04T11:56:45.663Z
npm,@servicetitan,cp-mfe-dev,1.115.6,,2026-08-04T11:50:32.952Z,2026-08-04T11:56:40.380Z
npm,@servicetitan,data-query,41.3.6,,2026-08-04T11:50:33.291Z,2026-08-04T11:56:37.937Z
npm,@servicetitan,mpa-components,2.5.6,,2026-08-04T11:50:33.415Z,2026-08-04T11:56:35.314Z
npm,@servicetitan,mfe-quick-actions,0.5.54,,2026-08-04T11:50:33.780Z,2026-08-04T11:56:37.190Z
npm,@servicetitan,table,41.3.6,,2026-08-04T11:50:33.049Z,2026-08-04T11:56:37.664Z
npm,@servicetitan,admin-sql-table,1.0.19,,2026-08-04T11:50:32.909Z,2026-08-04T11:56:34.319Z
npm,@servicetitan,stylelint-config,38.1.6,,2026-08-04T11:50:33.414Z,2026-08-04T11:56:32.808Z
npm,@servicetitan,eh-module-communication,0.2.6,,2026-08-04T11:50:33.078Z,2026-08-04T11:56:37.457Z
npm,@servicetitan,hash-browser-router,38.1.6,,2026-08-04T11:50:32.976Z,2026-08-04T11:56:35.353Z
npm,@servicetitan,docs-anvil-uikit-contrib,41.3.6,,2026-08-04T11:50:33.534Z,2026-08-04T11:56:36.599Z
npm,@servicetitan,admin-layout,2.4.8,,2026-08-04T11:50:33.464Z,2026-08-04T11:56:35.455Z
npm,@servicetitan,navigation,14.1.6,,2026-08-04T11:50:33.188Z,2026-08-04T11:56:41.321Z
npm,@servicetitan,startup-utils,38.1.6,,2026-08-04T11:50:33.391Z,2026-08-04T11:56:31.861Z
npm,@servicetitan,anvil2-ext-common,0.7.6,,2026-08-04T11:50:33.506Z,2026-08-04T11:56:44.516Z
npm,@servicetitan,install,38.1.6,,2026-08-04T11:50:33.416Z,2026-08-04T11:56:41.019Z
npm,@servicetitan,anvil2,3.9.6,,2026-08-04T11:50:34.544Z,2026-08-04T11:56:48.458Z
npm,@servicetitan,titan-chatbot-ui-anvil2,9.0.6,,2026-08-04T11:50:33.557Z,2026-08-04T11:56:34.755Z
npm,@servicetitan,marketing-global-route,1.14.6,,2026-08-04T11:50:33.213Z,2026-08-04T11:56:34.567Z
npm,@servicetitan,titan-chat-ui-common,9.0.6,,2026-08-04T11:50:33.233Z,2026-08-04T11:56:42.865Z
npm,@servicetitan,marketing-ui,9.3.6,,2026-08-04T11:50:33.242Z,2026-08-04T11:56:39.065Z
npm,@servicetitan,contentful-proxy,1.1.17,,2026-08-04T11:50:32.749Z,2026-08-04T11:56:34.303Z
npm,@servicetitan,datadog-rum,38.1.6,,2026-08-04T11:50:33.529Z,2026-08-04T11:56:38.701Z
npm,@servicetitan,titan-chat-ui-anvil2,9.0.6,,2026-08-04T11:50:33.654Z,2026-08-04T11:56:38.295Z
npm,@servicetitan,microfront-utils,1.4.6,,2026-08-04T11:50:33.048Z,2026-08-04T11:56:34.855Z
npm,@servicetitan,testing-library,6.6.6,,2026-08-04T11:50:33.502Z,2026-08-04T11:56:42.453Z
npm,@servicetitan,microfront,0.0.7,,2026-08-04T11:50:33.235Z,2026-08-04T11:56:43.242Z
npm,@servicetitan,marketing-form,0.1.7,,2026-08-04T11:50:32.926Z,2026-08-04T11:56:39.322Z
npm,@servicetitan,react-hooks,7.7.6,,2026-08-04T11:50:33.218Z,2026-08-04T11:56:34.723Z
npm,@servicetitan,tanstack-query-mobx,6.2.6,,2026-08-04T11:50:33.743Z,2026-08-04T11:56:36.889Z
npm,@servicetitan,toolbelt-shared-registry,1.14.6,,2026-08-04T11:50:33.871Z,2026-08-04T11:56:38.987Z
npm,@servicetitan,widget-platform-monolith,5.6.6,,2026-08-04T11:50:32.968Z,2026-08-04T11:56:34.742Z
npm,@servicetitan,anvil2-ext-charts,0.2.9,,2026-08-04T11:50:32.971Z,2026-08-04T11:56:35.384Z
npm,@servicetitan,marketing-email-components,20.2.8,,2026-08-04T11:50:33.192Z,2026-08-04T11:57:06.205Z
npm,@servicetitan,anvil2-ext-atlas,4.0.7,,2026-08-04T11:50:33.851Z,2026-08-04T11:56:37.280Z
npm,@servicetitan,anvil2-codemods,0.11.7,,2026-08-04T11:50:33.320Z,2026-08-04T11:56:37.663Z
npm,@servicetitan,anvil2-ext-mwv,0.0.10,,2026-08-04T11:50:33.079Z,2026-08-04T11:56:34.730Z
npm,@servicetitan,hammer-token,3.1.6,,2026-08-04T11:50:33.515Z,2026-08-04T11:56:43.791Z
npm,@servicetitan,feature-spotlight,3.9.6,,2026-08-04T11:50:32.959Z,2026-08-04T11:57:04.792Z
npm,@servicetitan,schema-comparison,0.1.8,,2026-08-04T11:50:32.933Z,2026-08-04T11:57:27.959Z
npm,@servicetitan,line-item-editor,1.5.6,,2026-08-04T11:50:33.083Z,2026-08-04T11:56:41.550Z
npm,@servicetitan,assist-ui,2.1.6,,2026-08-04T11:50:33.149Z,2026-08-04T11:56:52.953Z
npm,@servicetitan,titan-chat-ui,7.1.8,,2026-08-04T11:50:33.923Z,2026-08-04T11:56:41.430Z
npm,@servicetitan,unit-tests,0.0.7,,2026-08-04T11:50:32.853Z,2026-08-04T11:56:43.426Z
npm,@servicetitan,marketing-direct-mail-components,20.1.6,,2026-08-04T11:50:34.104Z,2026-08-04T11:56:37.948Z
npm,@servicetitan,dte-pdf-editor,1.76.6,,2026-08-04T11:50:32.963Z,2026-08-04T11:56:39.084Z
npm,@servicetitan,marketing-route,1.2.6,,2026-08-04T11:50:33.504Z,2026-08-04T11:57:34.666Z
npm,@servicetitan,time-zones,3.8.6,,2026-08-04T11:50:33.452Z,2026-08-04T11:56:37.776Z
npm,@servicetitan,examples,1.2.10,,2026-08-04T11:50:33.748Z,2026-08-04T11:56:35.742Z
npm,@servicetitan,anvil-react,0.11.8,,2026-08-04T11:50:33.482Z,2026-08-04T11:56:45.938Z
npm,@servicetitan,microfront-auth,0.0.10,,2026-08-04T11:50:33.178Z,2026-08-04T11:56:54.451Z
npm,@servicetitan,carto-charts-rn,0.0.7,,2026-08-04T11:50:32.962Z,2026-08-04T11:56:45.311Z
npm,@servicetitan,thoughtspot-theme,1.7.6,,2026-08-04T11:50:32.895Z,2026-08-04T11:56:52.438Z
npm,@servicetitan,anvil-icon,0.5.6,,2026-08-04T11:50:33.107Z,2026-08-04T11:57:06.415Z
npm,@servicetitan,marketing-widgets,1.0.6,,2026-08-04T11:50:33.287Z,2026-08-04T11:56:38.526Z
npm,@servicetitan,titan-chatbot-client,2.1.8,,2026-08-04T11:50:33.191Z,2026-08-04T11:57:10.920Z
npm,@servicetitan,standalone-ui,2.2.9,,2026-08-04T11:50:33.268Z,2026-08-04T11:56:45.869Z
npm,@servicetitan,anvil-token,0.4.6,,2026-08-04T11:50:33.522Z,2026-08-04T11:56:44.602Z
npm,@onereach,billing-dto,27.2.3,,2026-08-04T11:55:50.013Z,2026-08-04T12:00:55.993Z
npm,@onereach,ui-components-vue2,27.0.4,,2026-08-04T11:55:50.117Z,2026-08-04T12:01:19.466Z
npm,@onereach,font-icons,27.0.4,,2026-08-04T11:55:50.287Z,2026-08-04T12:00:45.589Z
npm,@onereach,expression-components,9.1.3,,2026-08-04T11:55:50.428Z,2026-08-04T12:00:54.034Z
npm,@or-sdk,invitations,1.4.10,,2026-08-04T11:55:50.135Z,2026-08-04T12:00:45.453Z
npm,@or-sdk,bots,1.7.3,,2026-08-04T11:55:50.483Z,2026-08-04T12:00:46.497Z
npm,@onereach,phonenumber-interpreter,0.0.20,,2026-08-04T11:55:50.085Z,2026-08-04T12:00:46.997Z
npm,@onereach,regex-helper,0.5.18,,2026-08-04T11:55:50.046Z,2026-08-04T12:00:58.354Z
npm,@onereach,orest-cli,2.4.3,,2026-08-04T11:55:50.303Z,2026-08-04T12:00:49.139Z
npm,@onereach,messengers-infobip-sdk,0.1.3,,2026-08-04T11:55:50.479Z,2026-08-04T12:00:46.963Z
npm,@onereach,si-header,0.4.14,,2026-08-04T11:55:49.985Z,2026-08-04T12:00:58.748Z
npm,@onereach,step-conversation,1.0.43,,2026-08-04T11:55:49.840Z,2026-08-04T12:00:57.204Z
npm,@onereach,channel-transformers,0.0.7,,2026-08-04T11:55:50.228Z,2026-08-04T12:00:55.274Z
npm,@onereach,si-textinput,0.5.7,,2026-08-04T11:55:50.169Z,2026-08-04T12:00:49.493Z
npm,@onereach,si-merge-tag-input,0.4.7,,2026-08-04T11:55:50.097Z,2026-08-04T12:00:49.934Z
npm,@or-sdk,ccp,10.15.6,,2026-08-04T11:55:50.229Z,2026-08-04T12:00:46.960Z
npm,@or-sdk,deployments,2.1.7,,2026-08-04T11:55:50.478Z,2026-08-04T12:00:47.434Z
npm,@or-sdk,cards,1.2.7,,2026-08-04T11:55:50.092Z,2026-08-04T12:00:58.205Z
npm,@or-sdk,views,3.1.7,,2026-08-04T11:55:50.066Z,2026-08-04T12:00:47.015Z
npm,@onereach,postcss-scoped-selector,1.2.3,,2026-08-04T11:55:49.974Z,2026-08-04T12:00:55.650Z
npm,@or-sdk,accounts,2.3.7,,2026-08-04T11:55:50.109Z,2026-08-04T12:01:16.665Z
npm,@onereach,slack-helpers,1.0.5,,2026-08-04T11:55:50.160Z,2026-08-04T12:00:49.231Z
npm,@onereach,bandwidth-steps-voice-bxml,0.1.3,,2026-08-04T11:55:49.697Z,2026-08-04T12:00:57.223Z
npm,@onereach,orest-vue3,0.0.6,,2026-08-04T11:55:50.261Z,2026-08-04T12:00:57.192Z
npm,@onereach,or-file-uploader-next,0.0.10,,2026-08-04T11:55:50.236Z,2026-08-04T12:00:50.777Z
npm,@or-sdk,source,2.1.7,,2026-08-04T11:55:49.938Z,2026-08-04T12:00:54.816Z
npm,@or-sdk,graph,1.10.7,,2026-08-04T11:55:50.405Z,2026-08-04T12:00:47.455Z
npm,@or-sdk,providers,0.3.8,,2026-08-04T11:55:50.275Z,2026-08-04T12:01:39.270Z
npm,@or-sdk,settings,0.25.8,,2026-08-04T11:55:50.067Z,2026-08-04T12:00:46.168Z
npm,@or-sdk,library-categories,0.2.8,,2026-08-04T11:55:50.006Z,2026-08-04T12:00:49.465Z
npm,@or-sdk,bot-templates,2.2.7,,2026-08-04T11:55:50.107Z,2026-08-04T12:00:47.900Z
npm,@or-sdk,adapters,0.3.8,,2026-08-04T11:55:50.276Z,2026-08-04T12:00:54.988Z
npm,@onereach,si-switch,0.4.7,,2026-08-04T11:55:49.853Z,2026-08-04T12:00:48.197Z
npm,@onereach,salesforce-miaw-client,0.0.5,,2026-08-04T11:55:49.702Z,2026-08-04T12:00:59.396Z
npm,@onereach,orest-jest-presets,0.0.5,,2026-08-04T11:55:50.000Z,2026-08-04T12:00:46.544Z
npm,@or-sdk,apps,1.2.8,,2026-08-04T11:55:50.095Z,2026-08-04T12:00:48.195Z
npm,@or-sdk,password,1.3.8,,2026-08-04T11:55:49.928Z,2026-08-04T12:00:59.691Z
npm,@or-sdk,library-source,0.4.7,,2026-08-04T11:55:49.801Z,2026-08-04T12:00:51.903Z
npm,@onereach,si-alert,0.4.13,,2026-08-04T11:55:50.387Z,2026-08-04T12:00:56.683Z
npm,@or-sdk,keys,1.2.8,,2026-08-04T11:55:50.149Z,2026-08-04T12:00:48.153Z
npm,,example-js-project,1.0.10,,2026-08-04T11:55:49.967Z,2026-08-04T12:00:46.793Z
npm,@onereach,get-version-data,3.1.4,,2026-08-04T11:55:49.883Z,2026-08-04T12:01:10.133Z
npm,@or-sdk,permissions,2.8.3,,2026-08-04T11:55:50.050Z,2026-08-04T12:00:57.022Z
npm,@onereach,orest-vue-demi-vue2,0.0.6,,2026-08-04T11:55:49.662Z,2026-08-04T12:01:01.725Z
npm,@or-sdk,permissions-cli,1.4.3,,2026-08-04T11:55:49.801Z,2026-08-04T12:00:55.176Z
npm,@onereach,content-builder-template-compiler,0.0.5,,2026-08-04T11:55:49.866Z,2026-08-04T12:00:56.492Z
npm,@onereach,or-browser,0.0.50,,2026-08-04T11:55:49.836Z,2026-08-04T12:00:54.488Z
npm,@onereach,si-copyable-text,0.4.13,,2026-08-04T11:55:50.164Z,2026-08-04T12:00:49.261Z
npm,@or-sdk,permissions-lambda,2.5.3,,2026-08-04T11:55:50.154Z,2026-08-04T12:00:57.041Z
npm,@or-sdk,api-tokens,1.4.4,,2026-08-04T11:55:49.972Z,2026-08-04T12:00:49.324Z
npm,@onereach,ts-memoize,1.0.4,,2026-08-04T11:55:50.182Z,2026-08-04T12:01:20.679Z
npm,@onereach,authorizer-helper,0.0.13,,2026-08-04T11:55:49.950Z,2026-08-04T12:01:05.967Z
npm,@or-sdk,api-tokens-lambda,1.4.4,,2026-08-04T11:55:50.106Z,2026-08-04T12:00:58.599Z
npm,@onereach,content-builder,0.0.20,,2026-08-04T11:55:50.472Z,2026-08-04T12:00:48.715Z
npm,@or-sdk,source-api,1.1.3,,2026-08-04T11:55:49.955Z,2026-08-04T12:00:57.225Z
npm,@onereach,orest-vue-demi-vue3,0.0.6,,2026-08-04T11:55:49.760Z,2026-08-04T12:00:56.901Z
npm,@onereach,pnpm-audit-junit,1.0.5,,2026-08-04T11:55:49.660Z,2026-08-04T12:01:00.297Z
npm,@onereach,idw-ui-components,0.1.4,,2026-08-04T11:55:49.792Z,2026-08-04T12:00:51.277Z
npm,@onereach,or-content-builder-renderer,0.0.4,,2026-08-04T11:55:50.233Z,2026-08-04T12:01:03.411Z
npm,@onereach,idw-apps,0.1.5,,2026-08-04T11:55:50.081Z,2026-08-04T12:00:51.226Z
npm,,conv-context-next,1.0.9,,2026-08-04T11:55:50.000Z,2026-08-04T12:00:58.011Z
npm,@onereach,ui-components,27.0.4,,2026-08-04T11:55:50.942Z,2026-08-04T12:01:57.820Z
npm,@or-sdk,billing,27.2.3,,2026-08-04T11:55:50.511Z,2026-08-04T12:02:03.226Z
npm,@or-sdk,billing-internal,27.2.3,,2026-08-04T11:55:51.826Z,2026-08-04T12:02:01.755Z
npm,@onereach,billing-shared,27.2.3,,2026-08-04T11:55:50.633Z,2026-08-04T12:01:50.000Z
npm,@onereach,styles,27.0.4,,2026-08-04T11:55:51.796Z,2026-08-04T12:02:03.185Z
npm,@onereach,types-contacts-api,9.0.10,,2026-08-04T11:55:50.579Z,2026-08-04T12:01:57.858Z
npm,@or-sdk,contacts,4.7.7,,2026-08-04T11:55:50.941Z,2026-08-04T12:01:52.417Z
npm,@onereach,step-voice,7.0.34,,2026-08-04T11:55:52.092Z,2026-08-04T12:02:04.747Z
npm,@onereach,ui-components-common,27.0.4,,2026-08-04T11:55:50.927Z,2026-08-04T12:01:59.810Z
npm,@or-sdk,idw,9.0.6,,2026-08-04T11:55:50.658Z,2026-08-04T12:02:01.856Z
npm,@or-sdk,hitl,0.41.3,,2026-08-04T11:55:50.409Z,2026-08-04T12:02:10.616Z
npm,@or-sdk,deployer,1.7.7,,2026-08-04T11:55:50.753Z,2026-08-04T12:02:03.680Z
npm,@or-sdk,data-hub,0.26.7,,2026-08-04T11:55:51.249Z,2026-08-04T12:01:56.136Z
npm,@onereach,idw-init-account-resources,1.0.3,,2026-08-04T11:55:51.167Z,2026-08-04T12:01:56.835Z
npm,@or-sdk,base,0.44.6,,2026-08-04T11:55:51.040Z,2026-08-04T12:01:56.658Z
npm,@or-sdk,users,3.8.3,,2026-08-04T11:55:51.008Z,2026-08-04T12:01:51.784Z
npm,@or-sdk,agents,4.21.5,,2026-08-04T11:55:51.845Z,2026-08-04T12:01:53.083Z
npm,@or-sdk,tags,1.1.7,,2026-08-04T11:55:51.219Z,2026-08-04T12:01:53.853Z
npm,@or-sdk,knowledge-models,0.25.7,,2026-08-04T11:55:50.738Z,2026-08-04T12:01:54.850Z
npm,@or-sdk,account-settings,1.3.8,,2026-08-04T11:55:50.343Z,2026-08-04T12:02:03.035Z
npm,@or-sdk,data-hub-svc,2.3.7,,2026-08-04T11:55:51.345Z,2026-08-04T12:01:52.868Z
npm,@or-sdk,identifiers,0.27.8,,2026-08-04T11:55:51.391Z,2026-08-04T12:02:00.827Z
npm,@or-sdk,store,2.1.7,,2026-08-04T11:55:50.559Z,2026-08-04T12:01:52.259Z
npm,@or-sdk,lookup,1.25.3,,2026-08-04T11:55:51.827Z,2026-08-04T12:01:53.576Z
npm,@or-sdk,pgsql,1.5.3,,2026-08-04T11:55:51.634Z,2026-08-04T12:02:10.529Z
npm,@onereach,rwc-client,6.4.9,,2026-08-04T11:55:50.417Z,2026-08-04T12:02:12.059Z
npm,@or-sdk,idw-public,1.6.8,,2026-08-04T11:55:51.707Z,2026-08-04T12:01:52.025Z
npm,@onereach,si-step-chooser,0.4.6,,2026-08-04T11:55:52.242Z,2026-08-04T12:01:55.916Z
npm,@or-sdk,transcripts,1.2.7,,2026-08-04T11:55:51.186Z,2026-08-04T12:01:52.329Z
npm,@onereach,step-components,0.1.39,,2026-08-04T11:55:50.931Z,2026-08-04T12:01:55.048Z
npm,@or-sdk,flows,2.7.10,,2026-08-04T11:55:50.865Z,2026-08-04T12:02:03.158Z
npm,@onereach,si-root,0.9.6,,2026-08-04T11:55:51.117Z,2026-08-04T12:02:01.977Z
npm,@or-sdk,tickets,1.9.7,,2026-08-04T11:55:51.677Z,2026-08-04T12:02:00.361Z
npm,@or-sdk,files,3.11.8,,2026-08-04T11:55:51.770Z,2026-08-04T12:02:07.506Z
npm,@or-sdk,auth,0.38.3,,2026-08-04T11:55:51.761Z,2026-08-04T12:02:02.700Z
npm,@or-sdk,authorizer,0.26.9,,2026-08-04T11:55:51.798Z,2026-08-04T12:02:17.174Z
npm,@or-sdk,tables,0.28.7,,2026-08-04T11:55:51.482Z,2026-08-04T12:01:54.906Z
npm,@or-sdk,druid,1.4.9,,2026-08-04T11:55:51.706Z,2026-08-04T12:02:01.324Z
npm,@onereach,si-validated-timestring-input,0.3.7,,2026-08-04T11:55:52.292Z,2026-08-04T12:02:01.787Z
npm,@or-sdk,event-manager,1.1.7,,2026-08-04T11:55:50.798Z,2026-08-04T12:01:58.072Z
npm,@or-sdk,qna,3.4.4,,2026-08-04T11:55:51.329Z,2026-08-04T12:01:53.975Z
npm,@or-sdk,step-templates,2.2.7,,2026-08-04T11:55:51.190Z,2026-08-04T12:01:54.696Z
npm,@onereach,si-select,0.1.5,,2026-08-04T11:55:50.781Z,2026-08-04T12:02:00.564Z
npm,@or-sdk,chat,0.3.3,,2026-08-04T11:55:51.079Z,2026-08-04T12:02:04.138Z
npm,@onereach,ssml-editor,2.0.14,,2026-08-04T11:55:51.359Z,2026-08-04T12:02:02.397Z
npm,@onereach,si-datepicker,0.4.7,,2026-08-04T11:55:52.284Z,2026-08-04T12:02:05.764Z
npm,@or-sdk,notifications,1.7.7,,2026-08-04T11:55:51.051Z,2026-08-04T12:02:04.911Z
npm,@or-sdk,discovery,1.12.3,,2026-08-04T11:55:51.963Z,2026-08-04T12:01:54.355Z
npm,@onereach,regular-expressions-test,0.0.6,,2026-08-04T11:55:51.093Z,2026-08-04T12:02:06.394Z
npm,@or-sdk,key-value-storage,0.28.8,,2026-08-04T11:55:51.401Z,2026-08-04T12:01:55.029Z
npm,@onereach,si-checkbox,0.6.7,,2026-08-04T11:55:51.667Z,2026-08-04T12:02:03.787Z
npm,@or-sdk,card-templates,2.2.7,,2026-08-04T11:55:51.812Z,2026-08-04T12:01:57.346Z
npm,,rwc-client,0.29.18,,2026-08-04T11:55:52.923Z,2026-08-04T12:02:13.794Z
npm,@or-sdk,sdk-api,0.29.4,,2026-08-04T11:55:50.899Z,2026-08-04T12:01:53.160Z
npm,@onereach,si-list,0.7.6,,2026-08-04T11:55:50.866Z,2026-08-04T12:02:04.653Z
npm,@onereach,si-collapsible-group,0.6.6,,2026-08-04T11:55:50.333Z,2026-08-04T12:01:54.216Z
npm,@or-sdk,payments,3.2.7,,2026-08-04T11:55:50.696Z,2026-08-04T12:01:57.065Z
npm,@or-sdk,library-types-v1,9.0.3,,2026-08-04T11:55:51.424Z,2026-08-04T12:01:57.996Z
npm,@onereach,condition-builder,1.0.10,,2026-08-04T11:55:51.458Z,2026-08-04T12:01:58.649Z
npm,@onereach,si-radio-group,0.3.7,,2026-08-04T11:55:51.538Z,2026-08-04T12:02:07.084Z
npm,@onereach,or-pro,1.13.3,,2026-08-04T11:55:51.247Z,2026-08-04T12:02:18.859Z
npm,@onereach,orest-input-cli,1.18.3,,2026-08-04T11:55:51.022Z,2026-08-04T12:01:58.746Z
npm,@or-sdk,queue-manager,1.4.8,,2026-08-04T11:55:51.564Z,2026-08-04T12:02:01.848Z
npm,@or-sdk,mcp-tools,0.5.4,,2026-08-04T11:55:51.463Z,2026-08-04T12:01:56.783Z
npm,@or-sdk,content-request,0.2.8,,2026-08-04T11:55:50.504Z,2026-08-04T12:01:55.429Z
npm,@onereach,si-dropdown-simple,0.4.7,,2026-08-04T11:55:51.856Z,2026-08-04T12:01:57.125Z
npm,@onereach,si-text-message,0.4.7,,2026-08-04T11:55:50.733Z,2026-08-04T12:02:07.498Z
npm,@or-sdk,flow-templates,2.1.7,,2026-08-04T11:55:50.500Z,2026-08-04T12:01:56.882Z
npm,@onereach,cb-schema-translator,1.3.3,,2026-08-04T11:55:50.482Z,2026-08-04T12:02:04.236Z
npm,@onereach,si-divider,0.4.13,,2026-08-04T11:55:50.775Z,2026-08-04T12:02:05.712Z
npm,@onereach,v-event-calendar,0.1.24,,2026-08-04T11:55:51.124Z,2026-08-04T12:01:55.257Z
npm,@or-sdk,library,0.5.8,,2026-08-04T11:55:52.092Z,2026-08-04T12:01:59.839Z
npm,@onereach,si-dropdown-advanced,0.4.7,,2026-08-04T11:55:52.058Z,2026-08-04T12:01:57.543Z
npm,@or-sdk,view-templates,2.2.7,,2026-08-04T11:55:51.309Z,2026-08-04T12:01:55.055Z
npm,@onereach,webform,0.3.15,,2026-08-04T11:55:51.511Z,2026-08-04T12:02:04.713Z
npm,@onereach,step-run-snowflake-query,0.1.3,,2026-08-04T11:55:50.635Z,2026-08-04T12:02:01.776Z
npm,@or-sdk,sku-builder,2.5.3,,2026-08-04T11:55:51.705Z,2026-08-04T12:01:58.439Z
npm,@onereach,si-code,0.6.6,,2026-08-04T11:55:51.998Z,2026-08-04T12:01:57.401Z
npm,@or-sdk,web-search,0.6.3,,2026-08-04T11:55:51.538Z,2026-08-04T12:01:55.952Z
npm,@onereach,time-interpreter,1.0.32,,2026-08-04T11:55:50.733Z,2026-08-04T12:02:03.757Z
npm,@onereach,ckeditor5-build-classic,30.0.3,,2026-08-04T11:55:52.214Z,2026-08-04T12:02:02.553Z
npm,@onereach,si-a-button,0.0.5,,2026-08-04T11:55:50.713Z,2026-08-04T12:01:58.158Z
npm,@or-sdk,library-types-v2,9.0.3,,2026-08-04T11:55:52.177Z,2026-08-04T12:02:06.448Z
npm,@onereach,idw-sdk,0.1.4,,2026-08-04T11:55:51.766Z,2026-08-04T12:02:05.764Z
npm,@onereach,lambda-invocation,1.2.3,,2026-08-04T11:55:51.295Z,2026-08-04T12:01:56.623Z
npm,@or-sdk,markdowner,0.5.3,,2026-08-04T11:55:51.083Z,2026-08-04T12:01:58.150Z
npm,@onereach,channel-transformer,0.0.68,,2026-08-04T11:55:50.701Z,2026-08-04T12:02:00.000Z
npm,@onereach,idw-contracts,0.1.4,,2026-08-04T11:55:51.010Z,2026-08-04T12:01:58.142Z
npm,@onereach,or-browser-next,0.0.13,,2026-08-04T11:55:51.768Z,2026-08-04T12:01:58.583Z
npm,@onereach,regular-expressions,0.5.25,,2026-08-04T11:55:51.015Z,2026-08-04T12:01:58.117Z
npm,@onereach,or-sdk-agent-cli,0.0.8,,2026-08-04T11:55:51.202Z,2026-08-04T12:01:56.480Z
npm,@or-sdk,files-sync-node,0.1.10,,2026-08-04T11:55:50.873Z,2026-08-04T12:02:10.293Z
npm,@or-sdk,idw-skill,1.4.3,,2026-08-04T11:55:51.400Z,2026-08-04T12:01:55.815Z
npm,@onereach,si-checkbox-group,0.3.7,,2026-08-04T11:55:51.615Z,2026-08-04T12:01:58.483Z
npm,@servicetitan,culture,41.3.7,,2026-08-04T12:04:05.753Z,2026-08-04T12:09:09.304Z
npm,@servicetitan,lazy-module,38.1.7,,2026-08-04T12:04:05.683Z,2026-08-04T12:08:54.108Z
npm,@servicetitan,confirm,41.3.7,,2026-08-04T12:04:05.539Z,2026-08-04T12:08:50.554Z
npm,@servicetitan,unit-tests,0.0.8,,2026-08-04T12:04:05.693Z,2026-08-04T12:08:50.893Z
npm,,verdaccio-tarball-local-storage,38.1.16,,2026-08-04T12:04:05.457Z,2026-08-04T12:08:53.935Z
npm,@servicetitan,anvil2-ext-charts,0.2.10,,2026-08-04T12:04:05.842Z,2026-08-04T12:08:55.464Z
npm,@servicetitan,kendo-theme,0.0.33,,2026-08-04T12:04:05.528Z,2026-08-04T12:08:55.216Z
npm,@servicetitan,microfront-utils,1.4.7,,2026-08-04T12:04:05.636Z,2026-08-04T12:08:50.814Z
npm,@servicetitan,feature-spotlight,3.9.7,,2026-08-04T12:04:05.656Z,2026-08-04T12:08:48.113Z
npm,@servicetitan,skeleton,9.2.10,,2026-08-04T12:04:05.912Z,2026-08-04T12:08:49.026Z
npm,@servicetitan,contentful,0.0.9,,2026-08-04T12:04:05.855Z,2026-08-04T12:08:50.967Z
npm,@servicetitan,ld-type-generator,0.2.7,,2026-08-04T12:04:05.519Z,2026-08-04T12:08:58.581Z
npm,@servicetitan,standalone-core-feature-gates,1.11.10,,2026-08-04T12:04:05.689Z,2026-08-04T12:08:57.718Z
npm,@servicetitan,assist-utils,1.1.8,,2026-08-04T12:04:05.636Z,2026-08-04T12:08:57.587Z
npm,,folder-lint,1.0.21,,2026-08-04T12:04:05.438Z,2026-08-04T12:08:50.989Z
npm,@servicetitan,thoughtspot-theme,1.7.7,,2026-08-04T12:04:05.705Z,2026-08-04T12:08:53.967Z
npm,@servicetitan,widget-platform,5.6.7,,2026-08-04T12:04:05.678Z,2026-08-04T12:09:01.270Z
npm,@servicetitan,va-mfe-loader,1.1.7,,2026-08-04T12:04:05.496Z,2026-08-04T12:09:11.859Z
npm,,eslint-plugin-folder-schema,1.0.21,,2026-08-04T12:04:05.700Z,2026-08-04T12:09:03.200Z
npm,@servicetitan,schema-comparison,0.1.9,,2026-08-04T12:04:05.684Z,2026-08-04T12:08:58.034Z
npm,@servicetitan,anvil2-illustrations,1.0.8,,2026-08-04T12:04:05.448Z,2026-08-04T12:08:56.686Z
npm,@servicetitan,uikit-docs,22.11.7,,2026-08-04T12:04:05.781Z,2026-08-04T12:08:58.979Z
npm,@servicetitan,eh-module-communication,0.2.7,,2026-08-04T12:04:05.574Z,2026-08-04T12:08:56.687Z
npm,@servicetitan,standalone-tm-api,1.1.7,,2026-08-04T12:04:05.828Z,2026-08-04T12:08:58.888Z
npm,@servicetitan,eslint-plugin-folder-schema,38.1.7,,2026-08-04T12:04:05.693Z,2026-08-04T12:09:53.076Z
npm,@servicetitan,marketing-integration-widgets,1.0.46,,2026-08-04T12:04:06.141Z,2026-08-04T12:10:21.224Z
npm,@servicetitan,titan-chatbot-client,2.1.9,,2026-08-04T12:04:06.724Z,2026-08-04T12:09:57.991Z
npm,@servicetitan,startup,38.1.7,,2026-08-04T12:04:06.533Z,2026-08-04T12:10:00.891Z
npm,@servicetitan,notifications,41.3.7,,2026-08-04T12:04:06.257Z,2026-08-04T12:09:54.575Z
npm,@servicetitan,cp-mfe-dev,1.115.7,,2026-08-04T12:04:06.093Z,2026-08-04T12:10:00.462Z
npm,@servicetitan,moneyout-api-client,1.29.7,,2026-08-04T12:04:06.138Z,2026-08-04T12:10:05.202Z
npm,@servicetitan,form,41.3.7,,2026-08-04T12:04:06.153Z,2026-08-04T12:09:55.514Z
npm,@servicetitan,restrict-imports,38.1.7,,2026-08-04T12:04:06.417Z,2026-08-04T12:10:02.228Z
npm,@servicetitan,onboarding-ui,18.5.7,,2026-08-04T12:04:06.692Z,2026-08-04T12:09:55.882Z
npm,@servicetitan,tokens,12.9.7,,2026-08-04T12:04:07.680Z,2026-08-04T12:10:04.321Z
npm,@servicetitan,hash-browser-router,38.1.7,,2026-08-04T12:04:06.050Z,2026-08-04T12:10:00.705Z
npm,@servicetitan,react-ioc,38.1.7,,2026-08-04T12:04:06.092Z,2026-08-04T12:09:53.217Z
npm,@servicetitan,suppress-warnings,38.1.7,,2026-08-04T12:04:06.115Z,2026-08-04T12:09:54.581Z
npm,@servicetitan,log-service,38.1.7,,2026-08-04T12:04:05.927Z,2026-08-04T12:10:07.822Z
npm,@servicetitan,carto-charts-core,0.0.8,,2026-08-04T12:04:07.770Z,2026-08-04T12:09:57.172Z
npm,@servicetitan,titan-chat-ui-anvil2,9.0.7,,2026-08-04T12:04:08.316Z,2026-08-04T12:09:58.437Z
npm,@servicetitan,anvil-themes,14.5.10,,2026-08-04T12:04:07.568Z,2026-08-04T12:09:54.692Z
npm,@servicetitan,mfe-quick-actions,0.5.55,,2026-08-04T12:04:08.100Z,2026-08-04T12:10:00.284Z
npm,@servicetitan,tanstack-query-mobx,6.2.7,,2026-08-04T12:04:08.601Z,2026-08-04T12:10:07.659Z
npm,@servicetitan,testing-library,6.6.7,,2026-08-04T12:04:08.750Z,2026-08-04T12:10:05.716Z
npm,@servicetitan,table,41.3.7,,2026-08-04T12:04:07.440Z,2026-08-04T12:10:02.944Z
npm,@servicetitan,folder-lint,38.1.7,,2026-08-04T12:04:05.913Z,2026-08-04T12:09:59.936Z
npm,@servicetitan,anvil2,3.9.7,,2026-08-04T12:04:06.903Z,2026-08-04T12:10:11.907Z
npm,@servicetitan,cp-react-hooks,1.115.7,,2026-08-04T12:04:07.264Z,2026-08-04T12:09:58.201Z
npm,@servicetitan,titan-chat-ui-common,9.0.7,,2026-08-04T12:04:07.980Z,2026-08-04T12:09:58.052Z
npm,@servicetitan,anvil-fonts,14.5.10,,2026-08-04T12:04:06.424Z,2026-08-04T12:10:10.505Z
npm,@servicetitan,confirm-navigation,41.3.7,,2026-08-04T12:04:05.791Z,2026-08-04T12:09:59.221Z
npm,@servicetitan,anvil-icons,14.5.10,,2026-08-04T12:04:06.543Z,2026-08-04T12:10:05.795Z
npm,@servicetitan,stylelint-config,38.1.7,,2026-08-04T12:04:06.268Z,2026-08-04T12:10:08.709Z
npm,@servicetitan,react-hooks,7.7.7,,2026-08-04T12:04:06.569Z,2026-08-04T12:10:13.506Z
npm,@servicetitan,eslint-plugin,38.1.7,,2026-08-04T12:04:06.920Z,2026-08-04T12:09:57.913Z
npm,@servicetitan,design-system,14.5.10,,2026-08-04T12:04:06.969Z,2026-08-04T12:10:38.073Z
npm,@servicetitan,anvil-css-utilities,14.5.10,,2026-08-04T12:04:06.017Z,2026-08-04T12:09:57.659Z
npm,@servicetitan,eslint-plugin-mobx-6,12.8.20,,2026-08-04T12:04:07.030Z,2026-08-04T12:09:59.503Z
npm,@servicetitan,eslint-config,38.1.7,,2026-08-04T12:04:06.520Z,2026-08-04T12:09:59.722Z
npm,@servicetitan,error-boundary,38.1.7,,2026-08-04T12:04:06.367Z,2026-08-04T12:10:06.003Z
npm,@servicetitan,cp-mfe,1.115.7,,2026-08-04T12:04:06.221Z,2026-08-04T12:10:02.729Z
npm,@servicetitan,titan-chatbot-ui-anvil2,9.0.7,,2026-08-04T12:04:07.310Z,2026-08-04T12:10:00.676Z
npm,@servicetitan,datetime-utils,41.3.7,,2026-08-04T12:04:05.994Z,2026-08-04T12:10:08.039Z
npm,@servicetitan,marketing-email-components,20.2.9,,2026-08-04T12:04:07.721Z,2026-08-04T12:10:13.249Z
npm,@servicetitan,admin-sql-table,1.0.20,,2026-08-04T12:04:05.977Z,2026-08-04T12:10:04.890Z
npm,@servicetitan,temporal-lite,3.4.7,,2026-08-04T12:04:07.671Z,2026-08-04T12:09:59.302Z
npm,@servicetitan,marketing-ui,9.3.7,,2026-08-04T12:04:07.150Z,2026-08-04T12:10:10.603Z
npm,@servicetitan,ajax-handlers,38.1.7,,2026-08-04T12:04:06.507Z,2026-08-04T12:10:10.709Z
npm,@servicetitan,eslint-plugin-processors-stub,12.8.21,,2026-08-04T12:04:05.698Z,2026-08-04T12:09:59.031Z
npm,@servicetitan,launchdarkly-service,38.1.7,,2026-08-04T12:04:07.886Z,2026-08-04T12:10:01.457Z
npm,@servicetitan,component-usage,28.5.7,,2026-08-04T12:04:07.818Z,2026-08-04T12:10:16.296Z
npm,@servicetitan,form-state,41.3.7,,2026-08-04T12:04:06.538Z,2026-08-04T12:10:06.690Z
npm,@servicetitan,data-query,41.3.7,,2026-08-04T12:04:06.276Z,2026-08-04T12:10:01.444Z
npm,@servicetitan,titan-chat-ui,7.1.9,,2026-08-04T12:04:07.149Z,2026-08-04T12:10:03.213Z
npm,@servicetitan,admin-layout,2.4.9,,2026-08-04T12:04:06.000Z,2026-08-04T12:10:02.183Z
npm,@servicetitan,ko-bridge,38.1.7,,2026-08-04T12:04:05.962Z,2026-08-04T12:10:01.815Z
npm,@servicetitan,web-components,38.1.7,,2026-08-04T12:04:07.012Z,2026-08-04T12:10:08.361Z
npm,@servicetitan,docs-uikit,38.1.7,,2026-08-04T12:04:06.349Z,2026-08-04T12:10:16.416Z
npm,@servicetitan,responsive,6.1.7,,2026-08-04T12:04:06.590Z,2026-08-04T12:10:16.114Z
npm,@servicetitan,link-item,41.3.7,,2026-08-04T12:04:06.152Z,2026-08-04T12:10:11.196Z
npm,@servicetitan,forge,0.5.7,,2026-08-04T12:04:07.415Z,2026-08-04T12:10:04.739Z
npm,@servicetitan,cp-ui,1.115.7,,2026-08-04T12:04:06.603Z,2026-08-04T12:10:02.316Z
npm,@servicetitan,widget-platform-monolith,5.6.7,,2026-08-04T12:04:07.455Z,2026-08-04T12:10:28.650Z
npm,@servicetitan,marketing-direct-mail-components,20.1.7,,2026-08-04T12:04:06.773Z,2026-08-04T12:10:04.355Z
npm,@servicetitan,line-item-editor,1.5.7,,2026-08-04T12:04:06.569Z,2026-08-04T12:10:18.919Z
npm,@servicetitan,hammer-react,1.42.8,,2026-08-04T12:04:06.641Z,2026-08-04T12:10:08.254Z
npm,@servicetitan,titan-chat-ui-cypress,2.1.9,,2026-08-04T12:04:06.361Z,2026-08-04T12:10:06.988Z
npm,@servicetitan,navigation,14.1.7,,2026-08-04T12:04:06.321Z,2026-08-04T12:10:06.150Z
npm,@servicetitan,anvil-icon,0.5.7,,2026-08-04T12:04:06.316Z,2026-08-04T12:10:07.958Z
npm,@servicetitan,startup-jest,2.2.7,,2026-08-04T12:04:07.608Z,2026-08-04T12:10:01.723Z
npm,@servicetitan,carto-react-kit,0.8.10,,2026-08-04T12:04:08.105Z,2026-08-04T12:10:07.104Z
npm,@servicetitan,startup-utils,38.1.7,,2026-08-04T12:04:05.886Z,2026-08-04T12:10:02.878Z
npm,@servicetitan,cp-api,1.115.7,,2026-08-04T12:04:06.309Z,2026-08-04T12:10:24.250Z
npm,,editable-contracts,0.0.27,,2026-08-04T12:04:06.256Z,2026-08-04T12:10:13.400Z
npm,@servicetitan,modularpayments-webfields,1.0.59,,2026-08-04T12:04:06.191Z,2026-08-04T12:10:13.955Z
npm,@servicetitan,marketing-widgets,1.0.7,,2026-08-04T12:04:07.136Z,2026-08-04T12:10:06.629Z
npm,@servicetitan,examples,1.2.11,,2026-08-04T12:04:06.619Z,2026-08-04T12:10:02.983Z
npm,@servicetitan,intl,7.2.7,,2026-08-04T12:04:07.084Z,2026-08-04T12:10:05.585Z
npm,@servicetitan,marketing-form,0.1.8,,2026-08-04T12:04:06.215Z,2026-08-04T12:10:08.759Z
npm,@servicetitan,anvil2-ext-atlas,4.0.8,,2026-08-04T12:04:06.875Z,2026-08-04T12:10:08.482Z
npm,@servicetitan,datadog-rum,38.1.7,,2026-08-04T12:04:06.542Z,2026-08-04T12:10:06.130Z
npm,@servicetitan,dte-unlayer,0.150.7,,2026-08-04T12:04:06.825Z,2026-08-04T12:10:08.688Z
npm,@servicetitan,anvil2-mcp,0.0.15,,2026-08-04T12:04:05.939Z,2026-08-04T12:10:05.767Z
npm,,verdaccio-okta-oauth,38.1.16,,2026-08-04T12:04:06.610Z,2026-08-04T12:10:05.351Z
npm,@servicetitan,titan-chatbot-ui,7.1.9,,2026-08-04T12:04:06.684Z,2026-08-04T12:10:10.897Z
npm,@servicetitan,help-center,1.0.14,,2026-08-04T12:04:06.869Z,2026-08-04T12:10:06.440Z
npm,@servicetitan,contentful-proxy,1.1.18,,2026-08-04T12:04:06.050Z,2026-08-04T12:10:18.214Z
npm,@servicetitan,json-render-react,0.4.12,,2026-08-04T12:04:06.651Z,2026-08-04T12:10:15.742Z
npm,@servicetitan,acquisition-functions,5.22.7,,2026-08-04T12:04:07.021Z,2026-08-04T12:10:12.180Z
npm,@servicetitan,marketing-global-route,1.14.7,,2026-08-04T12:04:06.466Z,2026-08-04T12:10:06.426Z
npm,@servicetitan,standalone-feature-flags,2.3.8,,2026-08-04T12:04:06.227Z,2026-08-04T12:10:25.640Z
npm,@servicetitan,dte-pdf-editor,1.76.7,,2026-08-04T12:04:06.352Z,2026-08-04T12:10:29.681Z
npm,@servicetitan,startup-mfe-compat,0.5.7,,2026-08-04T12:04:06.047Z,2026-08-04T12:10:06.689Z
npm,@servicetitan,hammer-token,3.1.7,,2026-08-04T12:04:06.192Z,2026-08-04T12:10:05.048Z
npm,@servicetitan,anvil2-codemods,0.11.8,,2026-08-04T12:04:06.989Z,2026-08-04T12:10:05.436Z
npm,@servicetitan,anvil2-ext-mwv,0.0.11,,2026-08-04T12:04:06.462Z,2026-08-04T12:10:03.230Z
npm,@servicetitan,eslint-plugin-decorators-declare,12.8.21,,2026-08-04T12:04:06.082Z,2026-08-04T12:10:04.110Z
npm,@servicetitan,grid,0.0.69,,2026-08-04T12:04:06.553Z,2026-08-04T12:10:07.278Z
npm,@servicetitan,anvil2-ext-common,0.7.7,,2026-08-04T12:04:06.322Z,2026-08-04T12:10:09.606Z
npm,@servicetitan,micro-frontend,0.0.10,,2026-08-04T12:04:06.302Z,2026-08-04T12:10:06.144Z
npm,@servicetitan,measure-sheet-data,2.6.7,,2026-08-04T12:04:06.756Z,2026-08-04T12:10:05.732Z
npm,@servicetitan,install,38.1.7,,2026-08-04T12:04:06.482Z,2026-08-04T12:10:13.582Z
npm,@servicetitan,mpa-components,2.5.7,,2026-08-04T12:04:07.146Z,2026-08-04T12:10:07.326Z
npm,@servicetitan,html-sketchapp,4.2.14,,2026-08-04T12:04:06.403Z,2026-08-04T12:10:15.546Z
npm,@servicetitan,time-zones,3.8.7,,2026-08-04T12:04:06.487Z,2026-08-04T12:10:07.155Z
npm,@servicetitan,titan-chatbot-ui-cypress,9.0.7,,2026-08-04T12:04:05.962Z,2026-08-04T12:10:05.238Z
npm,@servicetitan,anvil-react,0.11.9,,2026-08-04T12:04:06.204Z,2026-08-04T12:10:26.368Z
npm,,tslint-folder-schema,1.0.21,,2026-08-04T12:04:06.306Z,2026-08-04T12:10:05.514Z
npm,@servicetitan,standalone-ui,2.2.10,,2026-08-04T12:04:06.261Z,2026-08-04T12:10:12.535Z
npm,@servicetitan,assist-ui,2.1.7,,2026-08-04T12:04:06.589Z,2026-08-04T12:10:27.955Z
npm,@servicetitan,titan-chatbot-api,9.0.7,,2026-08-04T12:04:07.133Z,2026-08-04T12:10:18.232Z
npm,@servicetitan,microfront-tests,0.0.17,,2026-08-04T12:04:06.288Z,2026-08-04T12:10:22.459Z
npm,@servicetitan,hammer-icon,1.2.7,,2026-08-04T12:04:06.292Z,2026-08-04T12:10:13.443Z
npm,@servicetitan,marketing-route,1.2.7,,2026-08-04T12:04:05.874Z,2026-08-04T12:10:13.428Z
npm,@servicetitan,carto-charts-rn,0.0.8,,2026-08-04T12:04:05.948Z,2026-08-04T12:10:05.428Z
npm,@servicetitan,quick-actions,1.15.8,,2026-08-04T12:04:06.392Z,2026-08-04T12:10:11.053Z
npm,@servicetitan,carto-rn-kit,0.0.16,,2026-08-04T12:04:06.628Z,2026-08-04T12:10:12.450Z
npm,@servicetitan,toolbelt-shared-registry,1.14.7,,2026-08-04T12:04:06.207Z,2026-08-04T12:10:07.050Z
npm,@servicetitan,anvil-token,0.4.7,,2026-08-04T12:04:07.010Z,2026-08-04T12:10:06.907Z
npm,@servicetitan,docs-anvil-uikit-contrib,41.3.7,,2026-08-04T12:04:06.055Z,2026-08-04T12:10:06.286Z
npm,@servicetitan,standalone-root,1.11.9,,2026-08-04T12:04:06.633Z,2026-08-04T12:10:13.044Z
npm,@servicetitan,microfront-auth,0.0.11,,2026-08-04T12:04:06.011Z,2026-08-04T12:10:16.505Z
npm,@servicetitan,carto-tokens,0.3.7,,2026-08-04T12:04:06.038Z,2026-08-04T12:10:14.140Z
npm,@servicetitan,document-title,2.4.7,,2026-08-04T12:04:06.016Z,2026-08-04T12:10:06.416Z
npm,@servicetitan,microfront,0.0.8,,2026-08-04T12:04:06.136Z,2026-08-04T12:10:05.905Z
npm,@servicetitan,carto-charts-react,0.0.8,,2026-08-04T12:04:06.340Z,2026-08-04T12:10:23.814Z
npm,@thiennq,docs-viewer,1.6.3,,2026-08-04T12:11:05.959Z,2026-08-04T12:15:57.925Z
npm,@thiennq,docs-viewer,1.6.4,,2026-08-04T12:11:19.909Z,2026-08-04T12:15:45.579Z
npm,,rwc-client,0.29.19,,2026-08-04T12:33:11.645Z,2026-08-04T12:38:16.884Z
npm,,example-js-project,1.0.11,,2026-08-04T12:33:08.469Z,2026-08-04T12:37:57.298Z
npm,,conv-context-next,1.0.10,,2026-08-04T12:33:08.394Z,2026-08-04T12:38:07.591Z
npm,@ornikar,repo-config-react,13.0.18,,2026-08-04T12:44:39.241Z,2026-08-04T12:49:03.169Z
npm,@ornikar,lerna-config,11.0.11,,2026-08-04T12:45:11.915Z,2026-08-04T12:49:03.309Z
npm,@ornikar,repo-config-react,13.0.17,,2026-08-04T12:44:09.628Z,2026-08-04T12:49:03.668Z
npm,@ornikar,repo-config-react,13.0.16,,2026-08-04T12:44:00.127Z,2026-08-04T12:49:03.148Z
npm,@ornikar,eslint-plugin-ornikar,24.0.11,,2026-08-04T12:45:11.837Z,2026-08-04T12:49:08.669Z
npm,@ornikar,lerna-config,11.0.10,,2026-08-04T12:44:38.960Z,2026-08-04T12:48:58.845Z
npm,@ornikar,intl-config,10.0.9,,2026-08-04T12:43:59.982Z,2026-08-04T12:49:11.144Z
npm,@ornikar,repo-config-react,13.0.19,,2026-08-04T12:45:11.908Z,2026-08-04T12:49:08.341Z
npm,@ornikar,lerna-config,11.0.8,,2026-08-04T12:44:00.236Z,2026-08-04T12:48:57.050Z
npm,@ornikar,eslint-plugin-ornikar,24.0.8,,2026-08-04T12:44:00.287Z,2026-08-04T12:49:01.312Z
npm,@ornikar,lerna-config,11.0.9,,2026-08-04T12:44:09.717Z,2026-08-04T12:48:59.705Z
npm,@ornikar,eslint-plugin-ornikar,24.0.10,,2026-08-04T12:44:38.949Z,2026-08-04T12:49:04.946Z
npm,@ornikar,eslint-plugin-ornikar,24.0.9,,2026-08-04T12:44:09.714Z,2026-08-04T12:49:02.607Z
npm,@ornikar,stylelint-config,14.0.13,,2026-08-04T12:45:11.654Z,2026-08-04T12:49:08.561Z
npm,@ornikar,eslint-config-node,12.2.7,,2026-08-04T12:44:00.144Z,2026-08-04T12:49:00.278Z
npm,@ornikar,stylelint-config,14.0.10,,2026-08-04T12:44:00.318Z,2026-08-04T12:49:03.059Z
npm,@ornikar,stylelint-config,14.0.12,,2026-08-04T12:44:38.927Z,2026-08-04T12:49:27.076Z
npm,@ornikar,eslint-config-node,12.2.10,,2026-08-04T12:45:11.746Z,2026-08-04T12:49:00.959Z
npm,@ornikar,eslint-config-node,12.2.9,,2026-08-04T12:44:38.916Z,2026-08-04T12:48:56.248Z
npm,@ornikar,eslint-config-node,12.2.8,,2026-08-04T12:44:10.043Z,2026-08-04T12:49:13.078Z
npm,,babel-plugin-linaria-css-to-undefined,0.3.17,,2026-08-04T12:46:37.945Z,2026-08-04T12:49:15.598Z
npm,@ornikar,stylelint-config,14.0.11,,2026-08-04T12:44:09.889Z,2026-08-04T12:49:08.727Z
npm,@ornikar,rollup-plugin-postcss,2.0.13,,2026-08-04T12:44:09.676Z,2026-08-04T12:49:03.766Z
npm,,babel-plugin-linaria-css-to-undefined,0.3.15,,2026-08-04T12:46:07.814Z,2026-08-04T12:49:01.046Z
npm,,babel-plugin-linaria-css-to-undefined,0.3.14,,2026-08-04T12:45:48.138Z,2026-08-04T12:48:59.420Z
npm,@ornikar,jest-config,13.0.12,,2026-08-04T12:44:39.078Z,2026-08-04T12:49:15.662Z
npm,,babel-plugin-linaria-css-to-undefined,0.3.13,,2026-08-04T12:45:11.522Z,2026-08-04T12:49:04.406Z
npm,@ornikar,monorepo-config,14.3.13,,2026-08-04T12:45:11.975Z,2026-08-04T12:48:59.735Z
npm,@ornikar,jest-config,13.0.11,,2026-08-04T12:44:09.509Z,2026-08-04T12:49:04.505Z
npm,,babel-plugin-linaria-css-to-undefined,0.3.12,,2026-08-04T12:44:38.752Z,2026-08-04T12:49:00.894Z
npm,,babel-plugin-linaria-css-to-undefined,0.3.11,,2026-08-04T12:44:09.703Z,2026-08-04T12:49:00.080Z
npm,,babel-plugin-linaria-css-to-undefined,0.3.16,,2026-08-04T12:46:16.915Z,2026-08-04T12:48:58.754Z
npm,@ornikar,jest-config-react,18.0.10,,2026-08-04T12:44:39.124Z,2026-08-04T12:49:17.139Z
npm,@ornikar,monorepo-config,14.3.11,,2026-08-04T12:44:09.852Z,2026-08-04T12:48:59.157Z
npm,@ornikar,jest-config,13.0.13,,2026-08-04T12:45:12.337Z,2026-08-04T12:49:02.015Z
npm,@ornikar,rollup-plugin-postcss,2.0.12,,2026-08-04T12:44:00.200Z,2026-08-04T12:48:59.744Z
npm,@ornikar,monorepo-config,14.3.12,,2026-08-04T12:44:38.924Z,2026-08-04T12:49:03.046Z
npm,,babel-plugin-linaria-css-to-undefined,0.3.10,,2026-08-04T12:44:00.171Z,2026-08-04T12:49:15.588Z
npm,@ornikar,jest-config,13.0.10,,2026-08-04T12:44:00.230Z,2026-08-04T12:49:13.439Z
npm,@ornikar,browserslist-config,8.0.10,,2026-08-04T12:44:00.100Z,2026-08-04T12:49:12.065Z
npm,,frontend-orb,4.4.17,,2026-08-04T12:46:17.226Z,2026-08-04T12:48:59.161Z
npm,@ornikar,rollup-plugin-postcss,2.0.14,,2026-08-04T12:44:38.987Z,2026-08-04T12:48:59.980Z
npm,@ornikar,rollup-plugin-postcss,2.0.15,,2026-08-04T12:45:11.747Z,2026-08-04T12:48:59.812Z
npm,,frontend-orb,4.4.18,,2026-08-04T12:46:37.904Z,2026-08-04T12:49:27.273Z
npm,,frontend-orb,4.4.15,,2026-08-04T12:45:48.160Z,2026-08-04T12:49:06.725Z
npm,,frontend-orb,4.4.16,,2026-08-04T12:46:04.352Z,2026-08-04T12:49:00.313Z
npm,@ornikar,monorepo-config,14.3.10,,2026-08-04T12:44:00.243Z,2026-08-04T12:49:09.853Z
npm,@ornikar,jest-config-react-native,17.0.10,,2026-08-04T12:44:09.757Z,2026-08-04T12:49:01.910Z
npm,,frontend-orb,4.4.11,,2026-08-04T12:44:00.194Z,2026-08-04T12:49:17.436Z
npm,@ornikar,jest-config-react-native,17.0.12,,2026-08-04T12:45:11.944Z,2026-08-04T12:49:08.445Z
npm,,frontend-orb,4.4.14,,2026-08-04T12:45:11.735Z,2026-08-04T12:49:01.572Z
npm,,frontend-orb,4.4.12,,2026-08-04T12:44:09.671Z,2026-08-04T12:49:01.311Z
npm,@ornikar,jest-config-react,18.0.11,,2026-08-04T12:45:11.944Z,2026-08-04T12:49:05.487Z
npm,@ornikar,jest-config-react,18.0.9,,2026-08-04T12:44:00.606Z,2026-08-04T12:49:16.784Z
npm,@ornikar,jest-config-react-native,17.0.9,,2026-08-04T12:44:00.663Z,2026-08-04T12:49:03.656Z
npm,,frontend-orb,4.4.13,,2026-08-04T12:44:38.945Z,2026-08-04T12:49:01.314Z
npm,@ornikar,jest-config-react-native,17.0.11,,2026-08-04T12:44:39.075Z,2026-08-04T12:49:10.764Z
npm,@ornikar,react-modern-calendar-datepicker,3.2.9,,2026-08-04T12:44:09.511Z,2026-08-04T12:49:13.197Z
npm,@ornikar,react-modern-calendar-datepicker,3.2.10,,2026-08-04T12:44:38.873Z,2026-08-04T12:49:12.302Z
npm,@ornikar,react-modern-calendar-datepicker,3.2.8,,2026-08-04T12:44:00.122Z,2026-08-04T12:49:14.233Z
npm,@ornikar,react-modern-calendar-datepicker,3.2.11,,2026-08-04T12:45:11.852Z,2026-08-04T12:49:14.447Z
npm,,pob-test-package-in-monorepo,5.2.15,,2026-08-04T12:46:07.881Z,2026-08-04T12:49:04.015Z
npm,,native-frontend-orb,1.1.12,,2026-08-04T12:44:00.214Z,2026-08-04T12:49:13.737Z
npm,,native-frontend-orb,1.1.19,,2026-08-04T12:46:29.512Z,2026-08-04T12:49:08.839Z
npm,,native-frontend-orb,1.1.17,,2026-08-04T12:46:07.933Z,2026-08-04T12:49:04.443Z
npm,,native-frontend-orb,1.1.18,,2026-08-04T12:46:17.170Z,2026-08-04T12:49:01.973Z
npm,,native-frontend-orb,1.1.16,,2026-08-04T12:45:48.307Z,2026-08-04T12:49:01.537Z
npm,,pob-test-package-in-monorepo,5.2.13,,2026-08-04T12:45:11.799Z,2026-08-04T12:49:00.765Z
npm,,pob-test-package-in-monorepo,5.2.16,,2026-08-04T12:46:29.397Z,2026-08-04T12:49:01.404Z
npm,,native-frontend-orb,1.1.14,,2026-08-04T12:44:38.938Z,2026-08-04T12:49:01.607Z
npm,,native-frontend-orb,1.1.13,,2026-08-04T12:44:09.667Z,2026-08-04T12:49:05.473Z
npm,,native-frontend-orb,1.1.15,,2026-08-04T12:45:12.209Z,2026-08-04T12:49:13.109Z
npm,,pob-test-package-in-monorepo,5.2.10,,2026-08-04T12:44:00.071Z,2026-08-04T12:49:12.992Z
npm,,pob-test-package-in-monorepo,5.2.14,,2026-08-04T12:45:48.126Z,2026-08-04T12:49:04.794Z
npm,,pob-test-package-in-monorepo,5.2.11,,2026-08-04T12:44:09.454Z,2026-08-04T12:49:04.494Z
npm,@ornikar,react-native-svg-transformer,1.0.12,,2026-08-04T12:44:00.019Z,2026-08-04T12:49:03.948Z
npm,,pob-test-package-in-monorepo,5.2.12,,2026-08-04T12:44:38.932Z,2026-08-04T12:49:04.662Z
npm,@ornikar,eslint-plugin-neverthrow,1.3.10,,2026-08-04T12:44:09.885Z,2026-08-04T12:49:07.453Z
npm,@ornikar,eslint-plugin-neverthrow,1.3.12,,2026-08-04T12:45:11.939Z,2026-08-04T12:49:02.193Z
npm,,pob-test-typescript-package-in-monorepo,4.2.15,,2026-08-04T12:45:48.032Z,2026-08-04T12:49:06.554Z
npm,@ornikar,eslint-plugin-neverthrow,1.3.9,,2026-08-04T12:44:00.053Z,2026-08-04T12:49:10.490Z
npm,,pob-test-typescript-package-in-monorepo,4.2.14,,2026-08-04T12:45:11.841Z,2026-08-04T12:49:09.108Z
npm,,pob-test-typescript-package-in-monorepo,4.2.13,,2026-08-04T12:44:38.962Z,2026-08-04T12:49:07.641Z
npm,,pob-test-typescript-package-in-monorepo,4.2.12,,2026-08-04T12:44:09.503Z,2026-08-04T12:49:04.491Z
npm,@ornikar,eslint-config-typescript-react,24.0.10,,2026-08-04T12:44:39.109Z,2026-08-04T12:49:05.132Z
npm,@ornikar,eslint-config-typescript-react,24.0.11,,2026-08-04T12:45:12.061Z,2026-08-04T12:49:05.447Z
npm,@ornikar,eslint-plugin-neverthrow,1.3.11,,2026-08-04T12:44:38.837Z,2026-08-04T12:49:16.036Z
npm,@ornikar,eslint-config-typescript-react,24.0.8,,2026-08-04T12:44:00.259Z,2026-08-04T12:49:08.907Z
npm,,pob-test-typescript-package-in-monorepo,4.2.17,,2026-08-04T12:46:29.585Z,2026-08-04T12:49:04.455Z
npm,,pob-test-typescript-package-in-monorepo,4.2.16,,2026-08-04T12:46:07.807Z,2026-08-04T12:49:16.182Z
npm,@ornikar,eslint-config,24.0.12,,2026-08-04T12:45:11.692Z,2026-08-04T12:49:02.978Z
npm,,pob-test-typescript-package-in-monorepo,4.2.11,,2026-08-04T12:44:00.145Z,2026-08-04T12:49:02.061Z
npm,@ornikar,eslint-config-typescript-react,24.0.9,,2026-08-04T12:44:10.439Z,2026-08-04T12:49:05.454Z
npm,@ornikar,repo-config,15.3.11,,2026-08-04T12:44:09.831Z,2026-08-04T12:49:03.520Z
npm,@ornikar,repo-config,15.3.13,,2026-08-04T12:45:11.942Z,2026-08-04T12:49:06.935Z
npm,@ornikar,repo-config,15.3.12,,2026-08-04T12:44:39.218Z,2026-08-04T12:49:09.675Z
npm,@ornikar,eslint-config,24.0.9,,2026-08-04T12:44:00.320Z,2026-08-04T12:49:16.760Z
npm,@ornikar,repo-config,15.3.10,,2026-08-04T12:44:00.207Z,2026-08-04T12:49:03.260Z
npm,@ornikar,eslint-config-typescript,24.0.8,,2026-08-04T12:44:09.835Z,2026-08-04T12:49:41.767Z
npm,@ornikar,eslint-config-typescript,24.0.9,,2026-08-04T12:44:39.202Z,2026-08-04T12:49:09.059Z
npm,@ornikar,eslint-config-typescript,24.0.7,,2026-08-04T12:44:00.074Z,2026-08-04T12:49:15.591Z
npm,@ornikar,eslint-config-react,24.0.9,,2026-08-04T12:44:09.731Z,2026-08-04T12:49:03.293Z
npm,@ornikar,eslint-config-typescript,24.0.10,,2026-08-04T12:45:12.182Z,2026-08-04T12:49:07.049Z
npm,@ornikar,eslint-config,24.0.10,,2026-08-04T12:44:09.639Z,2026-08-04T12:49:05.759Z
npm,@ornikar,eslint-config,24.0.11,,2026-08-04T12:44:38.973Z,2026-08-04T12:49:09.088Z
npm,@ornikar,eslint-config-react,24.0.10,,2026-08-04T12:44:38.981Z,2026-08-04T12:49:17.996Z
npm,@ornikar,eslint-config-react,24.0.11,,2026-08-04T12:45:12.048Z,2026-08-04T12:49:10.427Z
npm,@ornikar,eslint-config-react,24.0.8,,2026-08-04T12:44:00.415Z,2026-08-04T12:49:07.875Z
npm,@ornikar,storybook-config,12.1.9,,2026-08-04T12:44:38.995Z,2026-08-04T12:49:08.509Z
npm,@ornikar,babel-preset-base,6.0.13,,2026-08-04T12:44:38.919Z,2026-08-04T12:49:09.257Z
npm,@ornikar,rollup-config,11.1.11,,2026-08-04T12:44:09.821Z,2026-08-04T12:49:20.228Z
npm,@ornikar,eslint-config-babel,24.0.9,,2026-08-04T12:44:00.077Z,2026-08-04T12:49:14.312Z
npm,@ornikar,eslint-config-babel,24.0.12,,2026-08-04T12:45:11.883Z,2026-08-04T12:49:28.990Z
npm,@ornikar,rollup-config,11.1.13,,2026-08-04T12:45:11.773Z,2026-08-04T12:49:12.115Z
npm,@ornikar,eslint-config-babel,24.0.11,,2026-08-04T12:44:38.874Z,2026-08-04T12:49:07.297Z
npm,@ornikar,storybook-config,12.1.8,,2026-08-04T12:44:00.167Z,2026-08-04T12:49:19.906Z
npm,@ornikar,rollup-config,11.1.10,,2026-08-04T12:44:00.234Z,2026-08-04T12:49:07.404Z
npm,@ornikar,rollup-config,11.1.12,,2026-08-04T12:44:38.978Z,2026-08-04T12:49:06.346Z
npm,@ornikar,storybook-config,12.1.10,,2026-08-04T12:45:12.100Z,2026-08-04T12:49:07.899Z
npm,@ornikar,eslint-config-typescript-nestjs,24.0.9,,2026-08-04T12:44:09.807Z,2026-08-04T12:49:47.588Z
npm,@ornikar,eslint-config-babel,24.0.10,,2026-08-04T12:44:09.966Z,2026-08-04T12:49:13.591Z
npm,@ornikar,eslint-config-typescript-nestjs,24.0.8,,2026-08-04T12:44:00.128Z,2026-08-04T12:49:07.125Z
npm,@ornikar,babel-preset-base,6.0.12,,2026-08-04T12:44:09.809Z,2026-08-04T12:49:05.704Z
npm,@ornikar,eslint-config-typescript-nestjs,24.0.11,,2026-08-04T12:45:12.543Z,2026-08-04T12:49:05.934Z
npm,@ornikar,eslint-config-typescript-nestjs,24.0.10,,2026-08-04T12:44:38.819Z,2026-08-04T12:49:12.710Z
npm,@ornikar,babel-preset-base,6.0.11,,2026-08-04T12:44:00.167Z,2026-08-04T12:49:06.239Z
npm,@ornikar,babel-preset-base,6.0.14,,2026-08-04T12:45:11.792Z,2026-08-04T12:49:10.599Z
npm,@ornikar,eslint-config-formatjs,24.0.8,,2026-08-04T12:44:09.838Z,2026-08-04T12:49:17.078Z
npm,@ornikar,eslint-config-formatjs,24.0.7,,2026-08-04T12:44:00.200Z,2026-08-04T12:49:43.774Z
npm,@ornikar,eslint-config-formatjs,24.0.9,,2026-08-04T12:44:39.229Z,2026-08-04T12:49:05.928Z
npm,@ornikar,eslint-config-formatjs,24.0.10,,2026-08-04T12:45:11.771Z,2026-08-04T12:49:07.595Z
npm,@ornikar,repo-config-react-legacy-css,15.1.12,,2026-08-04T12:44:38.949Z,2026-08-04T12:49:13.036Z
npm,@ornikar,webpack-config,12.0.9,,2026-08-04T12:44:00.251Z,2026-08-04T12:49:03.456Z
npm,@ornikar,babel-preset-kitt-universal,8.0.12,,2026-08-04T12:45:11.724Z,2026-08-04T12:49:16.320Z
npm,@ornikar,slate-react-fork,1.0.8,,2026-08-04T12:44:00.316Z,2026-08-04T12:49:16.157Z
npm,@ornikar,renovate-config,9.0.13,,2026-08-04T12:45:11.869Z,2026-08-04T12:49:03.962Z
npm,@ornikar,babel-preset-kitt-universal,8.0.11,,2026-08-04T12:44:38.994Z,2026-08-04T12:49:16.147Z
npm,@ornikar,slate-react-fork,1.0.9,,2026-08-04T12:44:09.617Z,2026-08-04T12:49:18.164Z
npm,@ornikar,commitlint-config,8.3.12,,2026-08-04T12:45:11.752Z,2026-08-04T12:49:02.320Z
npm,@ornikar,repo-config-react-legacy-css,15.1.11,,2026-08-04T12:44:09.505Z,2026-08-04T12:49:11.603Z
npm,@ornikar,commitlint-config,8.3.11,,2026-08-04T12:44:39.075Z,2026-08-04T12:49:11.618Z
npm,@ornikar,webpack-config,12.0.10,,2026-08-04T12:44:09.695Z,2026-08-04T12:49:12.469Z
npm,@ornikar,renovate-config,9.0.10,,2026-08-04T12:44:00.128Z,2026-08-04T12:49:06.716Z
npm,@ornikar,babel-preset-kitt-universal,8.0.9,,2026-08-04T12:44:00.089Z,2026-08-04T12:49:15.412Z
npm,@ornikar,babel-preset-kitt-universal,8.0.10,,2026-08-04T12:44:09.585Z,2026-08-04T12:49:23.902Z
npm,@ornikar,commitlint-config,8.3.10,,2026-08-04T12:44:09.536Z,2026-08-04T12:49:04.568Z
npm,@ornikar,webpack-config,12.0.12,,2026-08-04T12:45:11.632Z,2026-08-04T12:49:35.396Z
npm,@ornikar,renovate-config,9.0.11,,2026-08-04T12:44:09.540Z,2026-08-04T12:49:02.914Z
npm,@ornikar,repo-config-react-legacy-css,15.1.13,,2026-08-04T12:45:12.013Z,2026-08-04T12:49:04.074Z
npm,@ornikar,renovate-config,9.0.12,,2026-08-04T12:44:38.863Z,2026-08-04T12:49:05.688Z
npm,@ornikar,webpack-config,12.0.11,,2026-08-04T12:44:39.040Z,2026-08-04T12:49:10.039Z
npm,@ornikar,repo-config-react-legacy-css,15.1.10,,2026-08-04T12:44:00.291Z,2026-08-04T12:49:39.525Z
npm,@ornikar,slate-react-fork,1.0.10,,2026-08-04T12:44:38.997Z,2026-08-04T12:49:16.021Z
npm,@ornikar,commitlint-config,8.3.9,,2026-08-04T12:44:00.137Z,2026-08-04T12:49:16.564Z
npm,@ornikar,slate-react-fork,1.0.11,,2026-08-04T12:45:11.891Z,2026-08-04T12:49:04.416Z
npm,@ornikar,eslint-config-babel-use,13.2.9,,2026-08-04T12:44:00.225Z,2026-08-04T12:49:08.360Z
npm,@ornikar,prettier-config,9.0.10,,2026-08-04T12:43:59.996Z,2026-08-04T12:49:05.320Z
npm,@ornikar,eslint-config-babel-use,13.2.12,,2026-08-04T12:45:12.742Z,2026-08-04T12:49:05.008Z
npm,@ornikar,babel-preset-react,6.1.12,,2026-08-04T12:44:09.738Z,2026-08-04T12:49:18.641Z
npm,@ornikar,postcss-config,9.1.10,,2026-08-04T12:44:09.574Z,2026-08-04T12:49:05.525Z
npm,@ornikar,jest-config-react-native-web,12.0.10,,2026-08-04T12:44:00.239Z,2026-08-04T12:49:05.156Z
npm,@ornikar,jest-config-react-native-web,12.0.11,,2026-08-04T12:44:09.874Z,2026-08-04T12:49:13.372Z
npm,@ornikar,postcss-config,9.1.9,,2026-08-04T12:44:00.659Z,2026-08-04T12:49:15.884Z
npm,@ornikar,babel-preset-react,6.1.14,,2026-08-04T12:45:11.712Z,2026-08-04T12:49:11.660Z
npm,@ornikar,jest-config-react-native-web,12.0.13,,2026-08-04T12:45:11.790Z,2026-08-04T12:49:02.536Z
npm,@ornikar,babel-preset-react,6.1.13,,2026-08-04T12:44:38.947Z,2026-08-04T12:49:03.772Z
npm,@ornikar,eslint-config-babel-use,13.2.10,,2026-08-04T12:44:10.325Z,2026-08-04T12:49:03.321Z
npm,@ornikar,prismic-components,0.0.10,,2026-08-04T12:44:09.764Z,2026-08-04T12:49:05.785Z
npm,@ornikar,prismic-components,0.0.12,,2026-08-04T12:45:11.555Z,2026-08-04T12:49:14.582Z
npm,@ornikar,eslint-config-babel-use,13.2.11,,2026-08-04T12:44:38.923Z,2026-08-04T12:49:02.555Z
npm,@ornikar,babel-preset-react,6.1.11,,2026-08-04T12:44:00.198Z,2026-08-04T12:49:07.266Z
npm,@ornikar,prismic-components,0.0.11,,2026-08-04T12:44:38.795Z,2026-08-04T12:49:29.445Z
npm,@ornikar,postcss-config,9.1.12,,2026-08-04T12:45:11.833Z,2026-08-04T12:49:09.475Z
npm,@ornikar,jest-config-react-native-web,12.0.12,,2026-08-04T12:44:38.815Z,2026-08-04T12:49:34.930Z
npm,@ornikar,postcss-config,9.1.11,,2026-08-04T12:44:38.804Z,2026-08-04T12:49:16.216Z
npm,@ornikar,prismic-components,0.0.9,,2026-08-04T12:44:00.266Z,2026-08-04T12:49:12.159Z
npm,@ornikar,kitt2,1.0.11,,2026-08-04T12:45:11.770Z,2026-08-04T12:49:03.379Z
npm,@ornikar,graphql-config,1.1.9,,2026-08-04T12:44:09.445Z,2026-08-04T12:49:29.059Z
npm,@ornikar,graphql-config,1.1.11,,2026-08-04T12:45:11.668Z,2026-08-04T12:49:06.070Z
npm,@ornikar,apollo-link-timeout,1.4.10,,2026-08-04T12:44:39.418Z,2026-08-04T12:49:17.497Z
npm,@ornikar,typed-css-modules-loader,0.8.11,,2026-08-04T12:44:38.921Z,2026-08-04T12:49:06.667Z
npm,@ornikar,graphql-config,1.1.8,,2026-08-04T12:44:00.095Z,2026-08-04T12:49:30.412Z
npm,@ornikar,kitt2,1.0.9,,2026-08-04T12:44:09.420Z,2026-08-04T12:49:09.280Z
npm,@ornikar,typed-css-modules-loader,0.8.10,,2026-08-04T12:44:09.358Z,2026-08-04T12:49:04.736Z
npm,@ornikar,kitt2,1.0.10,,2026-08-04T12:44:39.104Z,2026-08-04T12:49:07.571Z
npm,@ornikar,kitt2,1.0.8,,2026-08-04T12:44:00.246Z,2026-08-04T12:49:12.959Z
npm,@ornikar,apollo-link-timeout,1.4.8,,2026-08-04T12:44:00.126Z,2026-08-04T12:49:06.063Z
npm,@ornikar,graphql-config,1.1.10,,2026-08-04T12:44:38.842Z,2026-08-04T12:49:08.109Z
npm,@ornikar,typed-css-modules-loader,0.8.12,,2026-08-04T12:45:11.806Z,2026-08-04T12:49:05.488Z
npm,@ornikar,typed-css-modules-loader,0.8.9,,2026-08-04T12:44:00.187Z,2026-08-04T12:49:15.928Z
npm,@ornikar,apollo-link-timeout,1.4.11,,2026-08-04T12:45:11.652Z,2026-08-04T12:49:06.726Z
npm,@ornikar,apollo-link-timeout,1.4.9,,2026-08-04T12:44:10.057Z,2026-08-04T12:49:06.740Z
npm,@ornikar,prettier-config,9.0.11,,2026-08-04T12:44:09.801Z,2026-08-04T14:03:44.226Z
npm,@ornikar,browserslist-config,8.0.11,,2026-08-04T12:44:10.426Z,2026-08-04T14:03:41.050Z
npm,@umacloud,knowledge,1.0.74,,2026-08-04T13:18:10.074Z,2026-08-04T13:23:08.740Z
npm,,umadev,1.0.74,,2026-08-04T13:18:05.267Z,2026-08-04T13:22:57.837Z
npm,@umacloud,cli-win32-x64,1.0.74,,2026-08-04T13:18:37.441Z,2026-08-04T13:23:49.579Z
npm,@umacloud,cli-linux-x64,1.0.74,,2026-08-04T13:18:35.273Z,2026-08-04T13:23:49.698Z
npm,@umacloud,cli-darwin-x64,1.0.74,,2026-08-04T13:18:20.110Z,2026-08-04T13:23:51.148Z
npm,@umacloud,cli-linux-arm64,1.0.74,,2026-08-04T13:18:21.687Z,2026-08-04T13:23:52.176Z
npm,@umacloud,cli-darwin-arm64,1.0.74,,2026-08-04T13:18:22.357Z,2026-08-04T13:24:01.511Z
npm,@umacloud,cli-linux-musl-x64,1.0.74,,2026-08-04T13:18:41.376Z,2026-08-04T13:23:52.055Z
npm,@umacloud,cli-linux-musl-arm64,1.0.74,,2026-08-04T13:18:24.461Z,2026-08-04T13:23:51.745Z
npm,@ornikar,react-native-svg-transformer,1.0.13,,2026-08-04T12:44:09.763Z,2026-08-04T15:18:26.470Z
npm,@ornikar,intl-config,10.0.10,,2026-08-04T12:44:09.580Z,2026-08-04T15:17:24.276Z
golang,github.com/jaredwray,keyv,v6.0.1+incompatible,,2026-08-04T11:46:09.000Z,2026-08-05T03:32:39.642Z
golang,github.com/jaredwray,keyv,v6.0.2-0.20260804114834-c9627446c233+incompatible,,2026-08-04T11:48:34.000Z,2026-08-05T03:32:26.777Z
golang,github.com/jaredwray,ecto,v5.0.1+incompatible,,2026-08-04T10:25:47.000Z,2026-08-05T07:43:52.951Z
golang,github.com/jaredwray,cacheable,v0.0.0-20260804100608-893f73f5082d,,2026-08-04T10:06:08.000Z,2026-08-05T07:52:01.313Z
golang,github.com/jaredwray,ecto,v5.0.2-0.20260804102746-5687c7ba63eb+incompatible,,2026-08-04T10:27:46.000Z,2026-08-05T07:46:47.606Z
golang,github.com/evilgodfahim,kal,v0.0.0-20260805062327-23dc26d5459b,,2026-08-05T06:23:27.000Z,2026-08-05T08:32:52.767Z
golang,github.com/adieuu-llc,adieuu-2026,v0.4.11,,2026-08-05T04:04:39.000Z,2026-08-05T09:00:47.274Z
golang,github.com/techtoboggan,claude-desktop-hardened-linux,v0.0.0-20260804101346-1652b9de0c6a,,2026-08-04T10:13:46.000Z,2026-08-05T08:33:51.964Z
golang,github.com/rainb0w-clwn,node-cache-manager-fs-binary-ts,v0.0.0-20260804104622-4cb4a1e10ea7,,2026-08-04T10:46:22.000Z,2026-08-05T08:34:11.608Z
golang,github.com/adieuu-llc,adieuu-2026,v0.4.10,,2026-08-05T03:38:10.000Z,2026-08-05T09:00:49.046Z
golang,github.com/adieuu-llc,adieuu-2026,v0.4.9,,2026-08-04T21:46:08.000Z,2026-08-05T09:00:52.929Z
golang,github.com/adieuu-llc,adieuu-2026,v0.0.0-20260805040439-27421527967b,,2026-08-05T04:04:39.000Z,2026-08-05T09:00:54.463Z
